INITDATE,GEOS-5.IMERGEARLY,0,1,2,3,4,5,6,7,8
01-Jan-2023,NaN,NaN,NaN,NaN,NaN,NaN,NaN,NaN,NaN,NaN
02-Jan-2023,NaN,NaN,NaN,NaN,NaN,NaN,NaN,NaN,NaN,NaN
03-Jan-2023,NaN,NaN,NaN,NaN,NaN,NaN,NaN,NaN,NaN,NaN
04-Jan-2023,NaN,NaN,NaN,NaN,NaN,NaN,NaN,NaN,NaN,NaN
05-Jan-2023,NaN,NaN,NaN,NaN,NaN,NaN,NaN,NaN,NaN,NaN
06-Jan-2023,NaN,NaN,NaN,NaN,NaN,NaN,NaN,NaN,NaN,NaN
07-Jan-2023,NaN,NaN,NaN,NaN,NaN,NaN,NaN,NaN,NaN,NaN
08-Jan-2023,NaN,NaN,NaN,NaN,NaN,NaN,NaN,NaN,NaN,NaN
09-Jan-2023,NaN,NaN,NaN,NaN,NaN,NaN,NaN,NaN,NaN,NaN
10-Jan-2023,NaN,NaN,NaN,NaN,NaN,NaN,NaN,NaN,NaN,NaN
11-Jan-2023,NaN,NaN,NaN,NaN,NaN,NaN,NaN,NaN,NaN,NaN
12-Jan-2023,NaN,NaN,NaN,NaN,NaN,NaN,NaN,NaN,NaN,NaN
13-Jan-2023,NaN,NaN,NaN,NaN,NaN,NaN,NaN,NaN,NaN,NaN
14-Jan-2023,NaN,NaN,NaN,NaN,NaN,NaN,NaN,NaN,NaN,NaN
15-Jan-2023,NaN,NaN,NaN,NaN,NaN,NaN,NaN,NaN,NaN,NaN
16-Jan-2023,NaN,NaN,NaN,NaN,NaN,NaN,NaN,NaN,NaN,NaN
17-Jan-2023,NaN,NaN,NaN,NaN,NaN,NaN,NaN,NaN,NaN,NaN
18-Jan-2023,NaN,NaN,NaN,NaN,NaN,NaN,NaN,NaN,NaN,NaN
19-Jan-2023,NaN,NaN,NaN,NaN,NaN,NaN,NaN,NaN,NaN,NaN
20-Jan-2023,NaN,NaN,NaN,NaN,NaN,NaN,NaN,NaN,NaN,NaN
21-Jan-2023,NaN,NaN,NaN,NaN,NaN,NaN,NaN,NaN,NaN,NaN
22-Jan-2023,NaN,NaN,NaN,NaN,NaN,NaN,NaN,NaN,NaN,NaN
23-Jan-2023,NaN,NaN,NaN,NaN,NaN,NaN,NaN,NaN,NaN,NaN
24-Jan-2023,NaN,NaN,NaN,NaN,NaN,NaN,NaN,NaN,NaN,NaN
25-Jan-2023,NaN,NaN,NaN,NaN,NaN,NaN,NaN,NaN,NaN,NaN
26-Jan-2023,NaN,NaN,NaN,NaN,NaN,NaN,NaN,NaN,NaN,NaN
27-Jan-2023,NaN,NaN,NaN,NaN,NaN,NaN,NaN,NaN,NaN,NaN
28-Jan-2023,NaN,NaN,NaN,NaN,NaN,NaN,NaN,NaN,NaN,NaN
29-Jan-2023,NaN,NaN,NaN,NaN,NaN,NaN,NaN,NaN,NaN,NaN
30-Jan-2023,NaN,NaN,NaN,NaN,NaN,NaN,NaN,NaN,NaN,NaN
31-Jan-2023,NaN,NaN,NaN,NaN,NaN,NaN,NaN,NaN,NaN,NaN
01-Feb-2023,NaN,NaN,NaN,NaN,NaN,NaN,NaN,NaN,NaN,NaN
02-Feb-2023,NaN,NaN,NaN,NaN,NaN,NaN,NaN,NaN,NaN,NaN
03-Feb-2023,NaN,NaN,NaN,NaN,NaN,NaN,NaN,NaN,NaN,NaN
04-Feb-2023,NaN,NaN,NaN,NaN,NaN,NaN,NaN,NaN,NaN,NaN
05-Feb-2023,NaN,NaN,NaN,NaN,NaN,NaN,NaN,NaN,NaN,NaN
06-Feb-2023,NaN,NaN,NaN,NaN,NaN,NaN,NaN,NaN,NaN,NaN
07-Feb-2023,NaN,NaN,NaN,NaN,NaN,NaN,NaN,NaN,NaN,NaN
08-Feb-2023,NaN,NaN,NaN,NaN,NaN,NaN,NaN,NaN,NaN,NaN
09-Feb-2023,NaN,NaN,NaN,NaN,NaN,NaN,NaN,NaN,NaN,NaN
10-Feb-2023,NaN,NaN,NaN,NaN,NaN,NaN,NaN,NaN,NaN,NaN
11-Feb-2023,NaN,NaN,NaN,NaN,NaN,NaN,NaN,NaN,NaN,NaN
12-Feb-2023,NaN,NaN,NaN,NaN,NaN,NaN,NaN,NaN,NaN,NaN
13-Feb-2023,NaN,NaN,NaN,NaN,NaN,NaN,NaN,NaN,NaN,NaN
14-Feb-2023,NaN,NaN,NaN,NaN,NaN,NaN,NaN,NaN,NaN,NaN
15-Feb-2023,NaN,NaN,NaN,NaN,NaN,NaN,NaN,NaN,NaN,NaN
16-Feb-2023,NaN,NaN,NaN,NaN,NaN,NaN,NaN,NaN,NaN,NaN
17-Feb-2023,NaN,NaN,NaN,NaN,NaN,NaN,NaN,NaN,NaN,NaN
18-Feb-2023,NaN,NaN,NaN,NaN,NaN,NaN,NaN,NaN,NaN,NaN
19-Feb-2023,NaN,NaN,NaN,NaN,NaN,NaN,NaN,NaN,NaN,NaN
20-Feb-2023,NaN,NaN,NaN,NaN,NaN,NaN,NaN,NaN,NaN,NaN
21-Feb-2023,NaN,NaN,NaN,NaN,NaN,NaN,NaN,NaN,NaN,NaN
22-Feb-2023,NaN,NaN,NaN,NaN,NaN,NaN,NaN,NaN,NaN,NaN
23-Feb-2023,NaN,NaN,NaN,NaN,NaN,NaN,NaN,NaN,NaN,NaN
24-Feb-2023,NaN,NaN,NaN,NaN,NaN,NaN,NaN,NaN,NaN,NaN
25-Feb-2023,NaN,NaN,NaN,NaN,NaN,NaN,NaN,NaN,NaN,NaN
26-Feb-2023,NaN,NaN,NaN,NaN,NaN,NaN,NaN,NaN,NaN,NaN
27-Feb-2023,NaN,NaN,NaN,NaN,NaN,NaN,NaN,NaN,NaN,NaN
28-Feb-2023,NaN,NaN,NaN,NaN,NaN,NaN,NaN,NaN,NaN,NaN
01-Mar-2023,NaN,NaN,NaN,NaN,NaN,NaN,NaN,NaN,NaN,NaN
02-Mar-2023,NaN,NaN,NaN,NaN,NaN,NaN,NaN,NaN,NaN,NaN
03-Mar-2023,NaN,NaN,NaN,NaN,NaN,NaN,NaN,NaN,NaN,NaN
04-Mar-2023,NaN,NaN,NaN,NaN,NaN,NaN,NaN,NaN,NaN,NaN
05-Mar-2023,NaN,NaN,NaN,NaN,NaN,NaN,NaN,NaN,NaN,NaN
06-Mar-2023,NaN,NaN,NaN,NaN,NaN,NaN,NaN,NaN,NaN,NaN
07-Mar-2023,NaN,NaN,NaN,NaN,NaN,NaN,NaN,NaN,NaN,NaN
08-Mar-2023,NaN,NaN,NaN,NaN,NaN,NaN,NaN,NaN,NaN,NaN
09-Mar-2023,NaN,NaN,NaN,NaN,NaN,NaN,NaN,NaN,NaN,NaN
10-Mar-2023,NaN,NaN,NaN,NaN,NaN,NaN,NaN,NaN,NaN,NaN
11-Mar-2023,NaN,NaN,NaN,NaN,NaN,NaN,NaN,NaN,NaN,NaN
12-Mar-2023,NaN,NaN,NaN,NaN,NaN,NaN,NaN,NaN,NaN,NaN
13-Mar-2023,NaN,NaN,NaN,NaN,NaN,NaN,NaN,NaN,NaN,NaN
14-Mar-2023,NaN,NaN,NaN,NaN,NaN,NaN,NaN,NaN,NaN,NaN
15-Mar-2023,NaN,NaN,NaN,NaN,NaN,NaN,NaN,NaN,NaN,NaN
16-Mar-2023,NaN,NaN,NaN,NaN,NaN,NaN,NaN,NaN,NaN,NaN
17-Mar-2023,NaN,NaN,NaN,NaN,NaN,NaN,NaN,NaN,NaN,NaN
18-Mar-2023,NaN,NaN,NaN,NaN,NaN,NaN,NaN,NaN,NaN,NaN
19-Mar-2023,NaN,NaN,NaN,NaN,NaN,NaN,NaN,NaN,NaN,NaN
20-Mar-2023,NaN,NaN,NaN,NaN,NaN,NaN,NaN,NaN,NaN,NaN
21-Mar-2023,NaN,NaN,NaN,NaN,NaN,NaN,NaN,NaN,NaN,NaN
22-Mar-2023,NaN,NaN,NaN,NaN,NaN,NaN,NaN,NaN,NaN,NaN
23-Mar-2023,NaN,NaN,NaN,NaN,NaN,NaN,NaN,NaN,NaN,NaN
24-Mar-2023,NaN,NaN,NaN,NaN,NaN,NaN,NaN,NaN,NaN,NaN
25-Mar-2023,NaN,NaN,NaN,NaN,NaN,NaN,NaN,NaN,NaN,NaN
26-Mar-2023,NaN,NaN,NaN,NaN,NaN,NaN,NaN,NaN,NaN,NaN
27-Mar-2023,NaN,NaN,NaN,NaN,NaN,NaN,NaN,NaN,NaN,NaN
28-Mar-2023,NaN,NaN,NaN,NaN,NaN,NaN,NaN,NaN,NaN,NaN
29-Mar-2023,NaN,NaN,NaN,NaN,NaN,NaN,NaN,NaN,NaN,NaN
30-Mar-2023,NaN,NaN,NaN,NaN,NaN,NaN,NaN,NaN,NaN,NaN
31-Mar-2023,NaN,NaN,NaN,NaN,NaN,NaN,NaN,NaN,NaN,NaN
01-Apr-2023,NaN,NaN,NaN,NaN,NaN,NaN,NaN,NaN,NaN,NaN
02-Apr-2023,NaN,NaN,NaN,NaN,NaN,NaN,NaN,NaN,NaN,NaN
03-Apr-2023,NaN,NaN,NaN,NaN,NaN,NaN,NaN,NaN,NaN,NaN
04-Apr-2023,NaN,NaN,NaN,NaN,NaN,NaN,NaN,NaN,NaN,NaN
05-Apr-2023,NaN,NaN,NaN,NaN,NaN,NaN,NaN,NaN,NaN,NaN
06-Apr-2023,NaN,NaN,NaN,NaN,NaN,NaN,NaN,NaN,NaN,NaN
07-Apr-2023,NaN,NaN,NaN,NaN,NaN,NaN,NaN,NaN,NaN,NaN
08-Apr-2023,NaN,NaN,NaN,NaN,NaN,NaN,NaN,NaN,NaN,NaN
09-Apr-2023,NaN,NaN,NaN,NaN,NaN,NaN,NaN,NaN,NaN,NaN
10-Apr-2023,NaN,NaN,NaN,NaN,NaN,NaN,NaN,NaN,NaN,NaN
11-Apr-2023,NaN,NaN,NaN,NaN,NaN,NaN,NaN,NaN,NaN,NaN
12-Apr-2023,NaN,NaN,NaN,NaN,NaN,NaN,NaN,NaN,NaN,NaN
13-Apr-2023,NaN,NaN,NaN,NaN,NaN,NaN,NaN,NaN,NaN,NaN
14-Apr-2023,2.41539716720581,NaN,NaN,NaN,NaN,NaN,NaN,NaN,NaN,NaN
15-Apr-2023,2.50136590003967,2.15373253822327,2.0857138633728,2.1706645488739,2.37583756446838,1.55567872524261,NaN,NaN,NaN,1.98549652099609
16-Apr-2023,2.5243314743042,2.48386750221252,1.18397072553635,1.96997087001801,1.35715425014496,0.682624995708466,0.906446218490601,2.40397524833679,1.80564141273499,NaN
17-Apr-2023,0.894853383302689,0.0981594260782004,0.0256977455690503,0.00459014931693673,1.06893174648285,1.15560067296028,0.101985961198807,0.000875883984554094,0.85532009601593,0.000390355678973719
18-Apr-2023,2.26859712600708,0.177009133994579,0.162761640548706,0.195708701014519,0.0322176747024059,0.0099597335793078,0.135311871767044,0.477645516395569,0.563431009650231,0.0219535361975431
19-Apr-2023,2.21349000930786,0.397150576114655,0.130558624863625,0.0852263569831848,0.0666124224662781,0.017988046631217,0.0740822553634644,NaN,0.608691072463989,NaN
20-Apr-2023,NaN,NaN,2.22051620483398,1.91652798652649,NaN,NaN,NaN,2.19117450714111,NaN,NaN
21-Apr-2023,NaN,NaN,2.9517765045166,2.84741945266724,3.06279611587524,NaN,NaN,NaN,0.431427508592606,NaN
22-Apr-2023,0.875236797332764,0.123390002548695,0.127700452506542,0.000438609282718971,0.205146274715662,0.666060388088226,0.0254302266985178,0.27062913775444,NaN,2.56455178260803
23-Apr-2023,1.50893131494522,2.77018427848816,2.98210473060608,2.14943197965622,2.95849847793579,0.335233676433563,3.06241798400879,0.0165863598696888,NaN,NaN
24-Apr-2023,0.912945508956909,0.256935907900333,0.140221118927002,0.101935230195522,0.416377177834511,0.0825739726424218,0.929278492927553,3.31208081245422,3.09267883300781,NaN
25-Apr-2023,1.98475158214569,0.149488911032677,0.277651011943817,3.18592834472656,0.114617191255093,0.0896997317671776,0.0171353869140148,2.30664920806885,3.48341128826141,NaN
26-Apr-2023,2.47609639167786,0.271262049674988,0.256525354087353,0.184188179671764,0.80676127076149,0.213125769793988,NaN,0.251465648412704,3.48156478404999,3.43236210346222
27-Apr-2023,2.26223468780518,2.07055349349976,2.21894955635071,2.54908406734467,0.847850251197815,0.617172765731812,0.557894623279572,NaN,0.145427733659744,3.86952285766602
28-Apr-2023,3.58325266838074,3.34256401062012,3.73086137771606,3.66919894218445,3.73074622154236,3.40088105201721,3.29591994285584,2.67212677001953,NaN,2.5190703868866
29-Apr-2023,4.08959436416626,4.45671281814575,4.56659412384033,4.31640033721924,3.48958733081818,1.98986134529114,3.6692578792572,4.2666868686676,2.83422346115112,NaN
30-Apr-2023,2.60441589355469,1.79987967014313,3.00873837471008,0.886763620376587,0.528897124528885,0.522433888912201,3.87266802787781,3.61349959373474,3.99624149799347,2.91565718650818
01-May-2023,0.224290274083614,1.91202008724213,0.986530065536499,3.04640674591064,0.00807880912907422,0.0823903381824493,0.247937053442001,2.39492163658142,0.294648167490959,3.40668017864227
02-May-2023,0.707501661777497,0.446821421384811,0.205617076158524,0.155784159898758,0.363742366433144,0.00752243865281343,0.0174479968845844,0.00265067663276568,0.494320148229599,0.217732560634614
03-May-2023,0.963634729385377,0.876921463012695,0.924054473638535,0.347376140952111,0.741145813465118,0.607430458068848,0.643551427125931,1.6550064444542,0.385713398456573,3.44228136539459
04-May-2023,2.67871427536011,2.53741598129272,2.51887431144714,2.43348822593689,0.956212270259857,2.87578327655792,0.60592212677002,2.68891034126282,1.94126009941101,2.52490563392639
05-May-2023,3.00301456451416,2.74735522270203,2.67970461845398,2.68260061740875,2.88906528949738,3.33861122131348,3.00199842453003,2.90916881561279,3.08740792274475,2.64496948719025
06-May-2023,4.83077764511108,4.41615333557129,4.13470458984375,3.88171577453613,3.98147797584534,3.36859264373779,4.22553873062134,4.20270776748657,3.91668419837952,3.36131918430328
07-May-2023,5.98631048202515,5.41463451385498,5.34203615188599,4.78901138305664,4.36378645896912,4.25119247436523,3.9289452791214,4.21050047874451,4.72098340988159,4.25974950790405
08-May-2023,6.5631628036499,5.73787307739258,5.66929154396057,5.67233209609986,5.44728660583496,5.51963868141174,5.14358158111572,4.80715484619141,5.06369805335999,6.47422432899475
09-May-2023,6.22727365493774,5.44694147109985,5.81795167922974,5.96629905700684,5.64351863861084,5.55004549026489,5.85351114273071,5.33598227500916,4.8212589263916,6.10276260375977
10-May-2023,7.82999515533447,7.21568179130554,7.40880837440491,7.51276741027832,7.35993385314941,6.63689370155334,7.3710506439209,6.61850237846375,6.66449565887451,5.54044065475464
11-May-2023,7.85190510749817,7.39156370162964,7.08813905715942,7.13924169540405,6.84539356231689,7.59833354949951,7.93314056396484,7.07617292404175,7.25823359489441,8.12320232391357
12-May-2023,5.97053871154785,3.89258618354797,5.07234964370728,3.88550868034363,3.51703324317932,8.29811630249023,5.80565443038941,6.44953632354737,8.54214305877685,8.20974254608154
13-May-2023,7.13462433815002,3.41455059051514,4.4422812461853,2.65833463668823,4.78133935928345,1.7011439204216,0.672587966918946,1.40073642730713,1.89467918872833,0.724343168735504
14-May-2023,7.8951810836792,5.6641547203064,5.88865923881531,6.71051511764526,5.65397820472717,5.57407069206238,2.15801658630371,0.984297299385071,4.38380289077759,3.8318413734436
15-May-2023,6.55338554382324,8.34516334533691,9.52881984710693,8.80426454544067,7.35115518569946,10.4208707809448,10.674670791626,6.06954183578491,5.59799871444702,7.32030391693115
16-May-2023,3.84090433120728,2.83820607662201,2.60275115966797,0.923881077766419,9.03361186981201,4.48546380996704,0.487714269757271,5.23060760498047,0.134424619376659,7.26355409622192
17-May-2023,7.44546537399292,6.06203012466431,6.35840725898743,5.1361198425293,3.72736465930939,9.49965000152588,6.83502807617188,1.01252836585045,6.36017436981201,0.496873679757118
18-May-2023,8.64838314056396,6.76494112014771,7.40117082595826,6.78356142044067,5.94498634338379,6.057097864151,9.23529434204102,7.80115737915039,2.9874413728714,8.99846649169922
19-May-2023,4.8753203868866,5.46672983169556,6.28376746177673,8.62253465652466,8.05866718292236,8.20086307525635,7.32090244293213,7.15040235519409,10.165816783905,0.973909646272659
20-May-2023,1.08602392673492,0.577027487754822,0.396172490715981,0.348641809821129,0.839588963985443,1.89097255468369,4.47056045532227,4.0369252204895,6.84546432495117,7.33360190391541
21-May-2023,0.915224546194079,0.505832874774933,0.587256795167923,1.363083589077,0.943368798494339,1.93596017360687,1.837297976017,0.374911910295486,6.1685133934021,7.64008545875549
22-May-2023,2.09906001091003,0.718821883201599,0.947765922546387,0.930523049831391,1.82810597419739,1.46582858562469,2.13476903438568,3.09180736541748,0.783334314823151,7.33661909103394
23-May-2023,2.38092589378357,3.05228061676025,3.98432967662811,3.54938597679138,3.80476999282837,2.97576951980591,4.90516176223755,3.88542723655701,1.48047590255738,2.34008257389069
24-May-2023,0.43749920129776,0.610846954584122,0.566295325756073,0.416840183734894,0.322684168815613,0.336947381496429,0.22809896171093,0.124124813079834,5.83133754730225,3.52298355102539
25-May-2023,2.83498692512512,3.34029512405396,3.17502131462097,2.37992286682129,2.25007717609406,1.73589730262756,1.7760974407196,0.693879580497743,0.378656387329102,7.67075500488282
26-May-2023,3.79182696342468,4.26984720230103,4.14174480438232,4.42289824485779,3.8188175201416,3.48861424922943,3.48772768974304,3.45618386268616,2.70911979675293,0.620522952079773
27-May-2023,5.81870937347412,6.19898386001587,6.5438494682312,6.60939893722534,6.31902551651001,5.57171583175659,5.32951617240906,6.52069082260132,5.15424613952637,5.13171396255493
28-May-2023,8.24679222106934,8.03624415397644,8.45832347869873,8.53664627075195,8.31795244216919,8.63838119506836,6.67419338226318,5.83867802619934,7.83434987068176,7.00414776802063
29-May-2023,7.44852886199951,6.68886818885803,7.25278301239014,7.87302684783935,8.2345534324646,8.57590675354004,9.96550121307373,6.9810836315155,2.8915510892868,1.45104330778122
30-May-2023,9.58012523651123,9.3655909538269,9.56963624954224,9.80170574188232,9.63297958374024,9.42926511764526,9.1396933555603,10.5002913475037,9.538680934906,1.8532230257988
31-May-2023,11.0791473388672,10.8321256637573,11.2303639411926,11.4136873245239,11.4334008216858,11.4352691650391,11.3921394348145,12.0149187088013,11.6674878120422,12.2308107376099
01-Jun-2023,10.3071853637695,9.0257212638855,10.6660044670105,11.1553518295288,11.4844965934753,11.038608455658,11.3237349510193,11.9721395492554,12.4246201515198,10.1025611877441
02-Jun-2023,10.3909278869629,1.95941277742386,2.89537081718445,7.30459847450256,2.69231905937195,1.46686131954193,0.982918125391006,2.67039659023285,3.44755725860596,2.72146151065826
03-Jun-2023,11.1300539016724,5.7605339050293,6.33860487937927,7.15886135101318,6.52586493492126,5.90828952789307,5.34082589149475,3.19209234714508,2.511749792099,6.57039699554443
04-Jun-2023,11.5933193206787,9.15473012924194,8.58368625640869,8.89639120101929,9.32650384902954,10.1481057167053,10.091307926178,9.57252626419067,5.81336498260498,3.47845013141632
05-Jun-2023,11.4816579818726,10.1679405212402,10.7606118202209,8.4373309135437,8.87535352706909,12.7610813140869,12.0739416122437,11.9484595298767,10.4020053863525,8.43626117706299
06-Jun-2023,12.6710056304932,11.023237323761,11.6326550483704,11.9024975776672,4.17110905647278,1.53132091760635,13.102449798584,12.1813601493835,9.78202104568481,14.4441294670105
07-Jun-2023,10.9780042648315,10.7856731414795,9.98814315795898,11.7037720680237,9.55390014648437,6.59906945228577,2.53975989818573,11.703404045105,10.0430684089661,4.46287727355957
08-Jun-2023,9.0351676940918,7.66401481628418,7.20037393569946,6.2927384853363,8.89766130447388,9.01830587387085,7.96627173423767,2.89854261875153,4.20557594299316,8.37929401397705
09-Jun-2023,7.88721718788147,6.20843172073364,4.89443588256836,5.28737583160401,6.16328134536743,8.86034278869629,11.3912847518921,11.2711550712585,2.35219209194183,5.01618814468384
10-Jun-2023,7.29059185981751,4.55319309234619,4.13986968994141,4.91120481491089,5.81742143630981,2.86713347434998,6.54170932769775,8.38067378997803,11.9607592582703,2.72902510166168
11-Jun-2023,7.70099182128906,3.22686700820923,4.07795820236206,4.28714990615845,5.10312013626099,8.3944938659668,1.51331243515015,7.84729652404785,8.97679643630981,7.46645646095276
12-Jun-2023,10.1851720809937,5.72026853561401,6.08600010871887,6.86054644584656,7.87608680725098,7.49864854812622,7.94555611610413,3.58139412403107,7.31458282470703,11.2535232543945
13-Jun-2023,12.5068639755249,9.36451416015625,9.34259948730469,7.51678094863892,5.75126509666443,8.60627212524414,7.07510533332825,9.78972043991089,7.44747796058655,4.59476408958435
14-Jun-2023,5.29226274490356,2.94196918010712,2.21200215816498,0.882703351974487,0.7862624168396,0.799476420879364,0.330650010704994,0.576582986116409,4.55042948722839,10.1285703659058
15-Jun-2023,5.13082466125488,0.981360751390457,1.26743459701538,0.739982545375824,0.682434201240539,0.711239594221115,0.313124150037765,0.237681393325329,1.52183438539505,2.28776714801788
16-Jun-2023,6.09329452514648,2.18833796977997,1.4546534538269,1.10321407318115,0.731800657510757,0.643136531114578,0.984219807386398,0.266625654697419,0.481528425216675,4.35821423530579
17-Jun-2023,6.84161491394043,3.72739622592926,3.50530960559845,3.07159340381622,2.8843585729599,0.827621805667877,0.812032294273376,4.03653726577759,0.318448686599732,0.967398071289063
18-Jun-2023,8.64000205993652,5.04446034431458,5.47284684181213,4.5046893119812,4.58754620552063,5.22627263069153,0.904096353054047,2.14750618934631,7.00144629478454,0.063451063632965
19-Jun-2023,9.7101713180542,6.20350008010864,6.95977096557617,8.0193769454956,6.29162726402283,4.56948351860046,6.45682091712952,3.5539781332016,4.60122814178467,8.7829571723938
20-Jun-2023,13.1830209732056,10.3820401191711,10.3254764556885,10.8725568771362,9.6278603553772,9.85965719223022,5.60166025161743,7.64181308746338,6.27555766105652,7.36451668739319
21-Jun-2023,14.6459142684937,11.9826996803284,13.4477648735046,14.4382137298584,14.6896528244019,13.8058754920959,11.8470052719116,9.02524509429931,8.96890048980713,3.76430413722992
22-Jun-2023,17.0315971374512,14.6835159301758,15.8270977020264,16.6187238693237,16.8410594940186,16.8635597229004,13.9236495018005,8.12809934616089,11.5428279876709,NaN
23-Jun-2023,17.5796577453613,14.8081793785095,15.972717666626,16.5017496109009,17.0999494552612,17.319652557373,17.5084758758545,16.550279045105,10.9826823234558,12.0862946510315
24-Jun-2023,15.632799911499,11.1689151763916,12.837882232666,14.3097262382507,14.1783966064453,12.2754529953003,14.7259857177734,13.3012977600098,16.286372756958,11.1638483047485
25-Jun-2023,14.8863166809082,10.7433214187622,11.8796813964844,12.4855456352234,13.4530673980713,12.8810567855835,9.8547155380249,14.8590968132019,13.4233190536499,11.8703728675842
26-Jun-2023,16.6783008575439,13.1921743392944,14.5228262901306,14.0782841682434,14.3582717895508,16.6292150497436,3.84262843132019,10.220995426178,18.2580488204956,15.4531851768494
27-Jun-2023,2.75079436302185,1.67590153217316,2.42814207077026,4.1579448223114,7.47433791160583,4.36251034736633,8.54908580780029,0.587035816907883,3.03379635810852,4.32122988700867
28-Jun-2023,0.413323324918747,0.173816485702991,0.260289347171783,0.160572279989719,0.36817222237587,0.846269369125366,0.0726984657347202,0.123744388669729,0.116824609786272,5.60644750595093
29-Jun-2023,1.60304942131043,0.895164656639099,0.887858420610428,0.927739518880844,0.725056904554367,0.784064924716949,0.454407447576523,0.256975746154785,0.145917403697968,0.10797341093421
30-Jun-2023,4.4790979385376,4.58302984237671,4.55703263282776,4.06654353141785,5.92458233833313,2.25591804981232,2.30349473953247,1.88341593742371,2.17082641124725,1.72341519594193
01-Jul-2023,0.964540266990662,1.39113389253616,0.991743117570877,0.832484716176986,0.797545713186264,1.63639994859695,2.72771286964416,0.398299312591552,6.65974669456482,7.01518673896789
02-Jul-2023,1.59330966472626,0.490581554174423,0.489761012792587,0.490004721283912,0.420822533965111,0.293350967764854,0.177641847729683,0.572711807489395,0.0420687854290009,8.49516935348511
03-Jul-2023,4.6792423248291,0.883663827180862,0.940498071908951,0.739198899269104,0.887388825416565,1.29739027023315,0.733142668008804,0.588231885433197,0.785664439201355,0.404068699479103
04-Jul-2023,8.82110061645508,6.17623543739319,6.20244874954223,6.17714056968689,5.29935059547424,7.42485122680664,6.47135648727417,4.13524250984192,4.08630418777466,3.96933944225311
05-Jul-2023,11.9175283432007,10.2592615127563,11.4238725662231,11.2077620506287,9.2043065071106,5.26672339439392,8.56532278060913,8.67032260894775,3.05129306316375,4.56633410453796
06-Jul-2023,8.63633365631104,5.20533418655395,5.98042612075806,7.23581528663635,12.5127004623413,9.55189199447632,3.71659390926361,2.7522411108017,10.132544708252,4.3795027256012
07-Jul-2023,2.85125198364258,0.605889070034027,0.661863309144974,0.70825856924057,0.799000239372253,6.63514947891235,8.35376739501953,0.908589631319045,2.41020832061767,5.29740328788757
08-Jul-2023,4.94680013656616,0.923201411962509,1.6557272195816,1.53414208889008,1.21304956674576,0.991685110330581,1.78170884847641,2.75511252880096,0.784864586591721,NaN
09-Jul-2023,4.46442537307739,0.911488801240921,1.65037574768066,2.2781126499176,1.20333993434906,1.68063733577728,5.65390357971191,5.36513228416443,6.61236968040466,4.82078757286072
10-Jul-2023,2.88993558883667,1.4113657951355,1.93284574747086,2.18722152709961,4.72953052520752,3.42815930843353,0.717736744880676,8.34856567382812,9.18436403274536,9.11162014007568
11-Jul-2023,3.92362885475159,2.40707380771637,2.24266676902771,2.21730210781097,2.25357077121735,6.72530031204223,1.45186462402344,0.512990075349808,6.58444933891296,8.90599298477173
12-Jul-2023,5.3840235710144,1.86391355991363,1.73060425519943,NaN,2.05226202011108,0.911233586072921,0.697625303268432,NaN,0.931574815511704,5.66953458786011
13-Jul-2023,0.62135683298111,3.60068445205688,5.91606492996216,5.385591173172,2.90737969875336,1.78666355609894,0.415413078665733,0.513536876440048,NaN,3.11022033691406
14-Jul-2023,0.911037838459015,0.531736028194427,0.806438815593719,5.622407579422,5.14267778396606,3.93313460350037,2.65133578777313,1.66404460668564,0.567153787612915,NaN
15-Jul-2023,2.84196038246155,1.85513447523117,0.929324686527252,1.34895678758621,2.57441761493683,6.04297194480896,0.488674733042717,0.145332469046116,4.63149118423462,3.66192729473114
16-Jul-2023,0.6303093791008,0.489986953139305,0.302956482768059,0.6628258228302,0.241929650306702,0.709370344877243,0.361651575565338,0.214345319569111,0.404880973696709,7.42011847496032
17-Jul-2023,0.68380172252655,0.428930529952049,0.530852198600769,0.558967703580856,0.502476757764816,0.68800111413002,0.573487550020218,0.511008054018021,0.41358343064785,1.14819734096527
18-Jul-2023,2.28627109527588,0.600375545024872,0.640008932352066,0.579782772064209,0.59516481757164,0.519506919384003,0.878294724225998,0.493476414680481,0.641912490129471,0.387691825628281
19-Jul-2023,3.75187773704529,0.647951972484589,0.609623390436172,0.506477814912796,0.664063596725464,0.475830918550491,1.2050710439682,2.95163638591766,0.126192931830883,0.259062528610229
20-Jul-2023,3.88931469917297,0.812314182519913,0.940282189846038,0.785222274065018,0.842093598842621,1.20495265722275,0.821852570772171,0.811752980947494,2.59890863895416,0.510518568754196
21-Jul-2023,2.73819355964661,0.900825941562652,0.884504204988479,1.02213369011879,1.37786426544189,0.958215248584747,4.01245136260986,2.84611220359802,1.59753507375717,5.33843121528626
22-Jul-2023,3.85686392784119,0.72432656288147,0.858940577507019,1.31692770719528,0.968809223175049,0.927783989906311,0.808052378892898,5.59391407966614,4.05266666412353,NaN
23-Jul-2023,6.52490396499634,4.81071286201477,4.88334665298462,5.18222560882568,5.44952940940857,6.33407001495361,2.929234957695,4.36227445602417,3.52854399681091,7.50119190216064
24-Jul-2023,1.30940427780151,0.949874097108841,1.67917563915253,1.54108753204346,2.58408284187317,1.70202753543854,3.62221109867096,0.653076881170273,0.487917754054069,2.21853075027466
25-Jul-2023,1.41762897968292,0.500620865821838,0.472826084494591,0.57482179403305,0.597971987724304,0.603658199310303,2.19943103790283,0.485398802161217,0.790795397758484,0.514963608980179
26-Jul-2023,4.50309543609619,1.99547555446625,2.30868773460388,1.97479382753372,2.14202754497528,3.20719528198242,0.550286060571671,6.80095171928406,NaN,2.04754557609558
27-Jul-2023,4.39606370925903,0.842459720373154,0.740702021121979,0.750295263528824,0.794354695081711,4.34427161216736,6.78984789848328,0.88536856174469,7.64015054702759,0.42260847389698
28-Jul-2023,3.38914480209351,1.63166023492813,1.14091694355011,1.3647535443306,0.87952441573143,0.490987777709961,0.673511970043182,0.412250718474388,0.401737815141678,0.757888823747635
29-Jul-2023,3.5838634967804,0.72636958360672,0.728362745046616,0.551653170585632,1.58128185272217,0.778307330608368,0.63649275302887,0.86863859295845,0.80139427781105,0.901801115274429
30-Jul-2023,4.52676439285278,0.990841215848922,1.56511067152023,1.8111200094223,0.927386367321014,3.40506520271301,1.57180510759354,1.21978678703308,3.21803340911865,2.75302696228027
31-Jul-2023,5.40771760940552,0.922612684965133,0.911583334207535,0.917254394292831,0.99492866396904,2.00428347587585,4.24521503448486,0.700314450263977,1.96691286563873,5.66237330436706
01-Aug-2023,5.74608001708984,1.9592579126358,2.33941988945007,1.9879427075386,2.26420948505402,3.02860589027405,3.05060911178589,6.19658274650574,1.67989987134933,3.11886007785797
02-Aug-2023,6.51309766769409,4.82382264137268,5.40696969032287,5.92079463005066,5.5270357131958,4.6741461277008,5.29450106620789,4.92799978256225,7.27154693603516,4.87851958274841
03-Aug-2023,0.443012797832489,0.638915276527405,0.630277901887894,0.906654667854309,0.735415291786194,4.35818586349487,5.10855121612549,6.2069185256958,4.88846797943115,0.00666904496029019
04-Aug-2023,0.57055162191391,0.171940754354,0.126953353732824,0.129434442520142,0.105990712344646,0.578965926170349,0.194896878302097,0.310457438230515,0.047551804035902,0.568994146585464
05-Aug-2023,1.65802810192108,0.613147062063217,0.611100685596466,0.537420278787613,0.576131105422974,0.635441875457764,2.56439535617828,0.903362268209457,1.31895979642868,0.13231188505888
06-Aug-2023,3.96576585769653,2.36824100017548,2.23086807727814,2.4483466386795,2.22455034255981,2.28804025650024,3.32766556739807,5.41963815689087,4.36032013893127,4.21492447853088
07-Aug-2023,2.35579528808594,3.22250773906708,5.50718374252319,5.58722996711731,4.43765196800232,4.10075845718384,4.97664847373962,5.68654499053955,9.78214702606201,6.0277774810791
08-Aug-2023,0.792590630054475,4.86152563095093,5.90681881904602,7.5900176525116,7.23183884620666,0.00942874364554882,0.0287079479545355,6.43882122039795,3.54043705463409,3.55319323539734
09-Aug-2023,0.64246301651001,1.68555414676666,3.08324952125549,4.99358143806457,6.63357357978821,7.62936305999756,0.437011802196503,0.391809076070786,0.34696292579174,0.0902238883078098
10-Aug-2023,0.288164430856705,0.429883441329002,0.416143295168877,0.446101665496826,0.530551844835281,1.234843313694,8.47505083084106,1.41439175605774,0.498799920082092,0.0463773868978023
11-Aug-2023,0.466877502202988,0.125080090761185,0.202927151322365,0.341553348302841,0.354810696840286,0.416177126765251,0.432318547368049,2.80762097835541,0.601669317483902,0.0197167431935668
12-Aug-2023,0.327506542205811,0.34086531996727,0.336255386471748,0.466234529018402,0.255893564224243,0.581277400255203,0.892515915632248,0.788926690816879,0.297457838058472,0.948388457298279
13-Aug-2023,0.228340592980385,0.208366055786609,0.651556771993637,0.186235824227333,1.10659503936767,0.076633420586586,0.165680105984211,0.246736195683479,3.36330392360687,0.507900810241699
14-Aug-2023,0.450199604034424,0.209534761309624,0.235825183987617,0.379943978786468,0.173286411166191,2.21044445037842,0.298288527131081,0.0734604552388191,0.505541664361954,1.44058526754379
15-Aug-2023,0.715226197242737,0.437769410014153,0.456518492102623,0.447887602448463,0.566220355033874,0.0683227270841598,4.94814019203186,0.871463549137115,0.361935374140739,1.41171296834946
16-Aug-2023,2.74747486114502,1.80515198707581,2.54623613357544,2.95058672428131,0.978813183307648,2.77623827457428,0.178163206577301,4.90254731178284,4.28409633636475,2.36480259895325
17-Aug-2023,5.87483625411987,5.96493225097656,6.41092476844788,7.00145568847656,7.40384831428528,2.66431488990784,5.69260454177856,0.611458307504654,1.53665863275528,1.19693009853363
18-Aug-2023,1.55189821720123,0.647745150327683,0.682027816772461,0.600598388910294,0.835946559906006,2.90696880817413,0.263376626372337,5.92333674430847,2.40915699005127,3.53125760555267
19-Aug-2023,0.371234798431397,0.122749642282724,0.314210593700409,0.26200957596302,0.504399251937866,0.824728572368622,2.81512396335602,0.58402361869812,0.250436268746853,0.21458540558815
20-Aug-2023,0.69236661195755,0.510628128051758,0.611777228116989,0.720751237869263,0.72441788315773,0.914837902784348,1.87795164585113,5.46928024291992,2.02636566162109,0.470517668128014
21-Aug-2023,2.17533068656921,1.10213737487793,1.58895163536072,1.63302700519562,2.40615954399109,2.4957172870636,2.52493696212768,4.60853981971741,6.61677074432373,3.58054246902466
22-Aug-2023,3.97369599342346,2.60432865619659,2.93733103275299,4.42627921104431,4.04217085838318,4.13021955490112,3.23090832233429,2.2680825471878,5.26828026771545,6.86892848014832
23-Aug-2023,5.27134056091309,3.77238764762878,4.13902730941772,4.99183259010315,5.97002239227295,6.31405019760131,6.38479251861572,5.21712689399719,0.790350311994552,0.212230913341045
24-Aug-2023,5.88592948913574,4.51926484107971,4.90678396224976,4.44120292663574,5.48285789489746,3.11772644519806,1.38443927764893,5.84617772102356,5.5800555229187,0.47098234295845
25-Aug-2023,5.26926927566528,4.00912482738495,3.61336786746979,3.37583158016205,1.20977212190628,0.881781625747681,1.68967592716217,2.44510366916656,5.53234391212463,4.5806755065918
26-Aug-2023,5.25277338027954,0.603047996759414,0.810969918966293,1.24093421697616,2.26593899726868,0.951507472991943,0.897779023647308,3.2815141916275,0.722191715240478,6.75935373306274
27-Aug-2023,5.53493041992188,1.31302356719971,1.65603041648865,2.32411134243011,1.78530834913254,4.66832857131958,3.25076014995575,2.5333265542984,5.84324736595154,2.48798654079437
28-Aug-2023,8.41842498779297,5.24008498191833,5.84481916427612,5.80648937225342,6.65811238288879,6.13023061752319,8.85673904418945,6.34409513473511,5.86561684608459,8.63634147644043
29-Aug-2023,6.97653961181641,5.63418822288513,6.41363477706909,6.17918176651001,6.83369688987732,6.58027491569519,5.90164709091187,8.54402074813843,9.01341066360473,8.41315307617187
30-Aug-2023,0.99089035987854,1.56681603193283,0.90751821398735,3.63730158805847,0.933660894632339,1.32392772436142,7.77392134666443,7.57501955032349,0.217868895828724,8.99518308639526
31-Aug-2023,2.74014177322388,0.849265861511231,0.914080196619034,1.49739233255386,5.33269991874695,2.92563118934631,1.03838750123978,8.77419290542603,3.86310787200928,0.74121178984642
01-Sep-2023,5.13628244400025,3.30026226043701,3.98457224369049,3.97974879741669,4.67188420295715,6.41742806434631,7.39144244194031,5.40582680702209,8.41945991516113,4.6922562122345
02-Sep-2023,6.03193502426148,5.50309147834778,5.826837682724,6.7232771396637,6.93041396141052,6.82886643409729,8.16324281692505,4.15395851135254,0.98881613612175,6.4474871635437
03-Sep-2023,6.58996839523315,5.94931416511536,6.78187456130981,6.70380010604858,7.39342069625854,6.80223608016968,7.56931080818176,6.71711874008179,6.03546748161316,2.055999147892
04-Sep-2023,6.4280969619751,5.34101486206055,5.87639923095703,6.68873119354248,7.7858428478241,8.66452836990356,8.4053373336792,9.18848266601563,8.08615589141846,5.89963970184326
05-Sep-2023,8.36787261962891,7.27817816734314,8.20716667175293,9.40063333511353,9.78929767608643,10.5219519615173,10.4477670669556,7.9622893333435,10.2708495140076,9.90145664215088
06-Sep-2023,8.44248752593994,7.51913051605225,7.58134155273437,8.27617855072021,8.3651255607605,9.05581359863281,8.33695440292358,10.9950212478638,5.90130186080932,10.0469753265381
07-Sep-2023,6.54196653366089,4.18250484466552,3.57933325767517,1.68093414306641,0.948416072130203,4.45258679389954,10.1067107200623,10.0021206855774,11.3560211181641,0.762984204292297
08-Sep-2023,1.92157497406006,0.143372531235218,0.0790669254958629,0.175006672739983,0.112271945923567,0.113068200647831,0.516141188144684,0.782287353277206,2.47211124897003,9.08241624832153
09-Sep-2023,4.66321611404419,0.653988713026047,0.658811277151108,0.515236240625381,0.28434165418148,0.0417877055704593,0.0576284661889076,0.169805751740932,0.146596044301987,0.944573092460632
10-Sep-2023,4.7844804763794,2.22495105266571,2.77483425140381,2.69454281330109,1.32635272741318,0.878866630792618,0.367799121141434,0.548091858625412,0.70961207151413,0.785504448413849
11-Sep-2023,6.73336582183838,4.48807458877563,5.41488308906555,5.52240614891052,5.09206628799438,4.04758005142212,2.80053663253784,0.69776913523674,0.599765777587891,1.04293111562729
12-Sep-2023,2.0145788192749,3.36499986648559,3.34912478923798,4.01038837432861,5.24424324035644,5.51997852325439,5.23551712036133,4.18682909011841,2.29987072944641,0.916633415222168
13-Sep-2023,0.499796825647354,0.0670838043093681,0.125219306349754,0.125670394301414,0.329720637202263,6.35272173881531,4.43269591331482,5.0962308883667,5.84312071800232,4.2602605342865
14-Sep-2023,0.870888900756836,0.155069325864315,0.160974064469337,0.228091825544834,0.710903185606003,0.211679753661156,6.98091344833374,0.819064486026764,5.71418323516846,0.0417843278497457
15-Sep-2023,2.76921792030335,0.632688599824905,0.663667023181915,0.651391112804413,0.670928353071213,2.41158769130707,0.693914461135864,8.00747394561768,0.348999899625778,5.69905672073364
16-Sep-2023,4.40357360839844,2.43577952384949,3.11796064376831,2.72616946697235,2.97836475372314,3.10300948619842,4.7234601020813,0.984356480836868,6.76566481590271,0.928584045171738
17-Sep-2023,4.58241939544678,3.77484033107758,4.75188302993774,5.18213291168213,5.03059139251709,5.59302864074707,6.14239382743835,7.14125390052795,1.92073539495468,8.41168384552002
18-Sep-2023,2.95210471153259,1.26575272083282,2.25655505657196,2.21507968902588,2.59135231971741,4.65495724678039,5.31424207687378,5.69930386543274,6.85900440216064,4.52038469314575
19-Sep-2023,3.9396906375885,1.73043454885483,1.85436668395996,1.14300065040588,2.61380634307861,3.41644570827484,0.811838120222092,2.60854578018188,1.28743637800217,7.92329015731811
20-Sep-2023,4.91724882125855,2.84108684062958,3.30782039165497,2.66047973632812,2.37159762382507,4.65668287277222,4.39148497581482,2.75247657299042,0.752203696966171,0.792010897397995
21-Sep-2023,6.25561094284058,4.56163649559021,4.88763661384582,5.45848240852356,5.19989008903503,4.81826267242432,6.3693953037262,6.19707417488098,5.29480857849121,2.41118042469025
22-Sep-2023,7.8736177444458,4.99094567298889,6.40822944641113,5.9653733253479,6.02049794197083,6.51067581176758,4.93624267578125,7.09805750846863,7.18092064857483,7.2930655002594
23-Sep-2023,6.38672018051147,4.58164687156677,4.9573118686676,5.29284987449646,6.10875825881958,1.14971494674682,6.8617917060852,5.18039879798889,6.6243293762207,7.41703033447266
24-Sep-2023,7.34619455337524,5.99826383590698,6.27533488273621,7.7050745010376,7.16719326972961,4.62027111053467,3.87695860862732,7.35528154373169,5.5804901599884,4.94955854415893
25-Sep-2023,9.01701679229736,7.17377963066101,7.42161407470703,7.16799931526184,8.48926496505737,7.39221720695496,4.55751595497131,6.77817039489746,8.01848669052124,5.52060499191284
26-Sep-2023,8.79942665100098,7.23753118515015,7.37062902450562,7.81674838066101,7.98705968856811,8.8686972618103,7.42713952064514,5.92252016067505,6.89310822486877,7.15414118766785
27-Sep-2023,10.0591756820679,8.22608690261841,8.8661021232605,8.87479238510132,9.3266674041748,8.80665302276611,9.14667291641235,8.53472995758057,7.066996717453,8.71240367889404
28-Sep-2023,10.4328811645508,8.85369520187378,9.50730438232422,10.2567183494568,10.6001483917236,10.3271618843079,10.0216892242432,10.6392107009888,9.61471729278565,8.40097646713257
29-Sep-2023,10.2054691314697,9.05164928436279,9.74112567901611,10.8869560241699,11.9826042175293,11.6787436485291,12.6717416763306,11.3205068588257,11.7789743423462,9.62561340332031
30-Sep-2023,10.5514694213867,9.58718109130859,10.5733539581299,11.3047478675842,11.5363903999329,12.4190872192383,11.2282871246338,NaN,11.3624526977539,10.4204694747925
01-Oct-2023,10.8506832122803,9.59088191986084,9.86504421234131,10.2723883628845,10.8783422470093,9.97621173858643,11.1944672584534,10.9516513824463,NaN,11.0963170051575
02-Oct-2023,11.5469396591187,10.8281088829041,11.1156156539917,10.5667302131653,11.2682023048401,11.3965090751648,10.6360932350159,11.5607332229614,11.9298492431641,NaN
03-Oct-2023,9.88303184509277,8.86712675094604,9.65959568023682,8.83000392913818,9.55300035476685,10.4391642570496,10.219093132019,10.556224822998,3.1255309343338,8.43375978469848
04-Oct-2023,11.050696182251,9.73828945159912,11.3766123771667,11.1893810272217,10.3762211799622,11.6707567214966,11.9373705863953,12.3985843658447,6.91136198043823,9.25347690582276
05-Oct-2023,2.31708450317383,10.062560749054,11.3317585945129,10.2689831733704,11.3132180213928,9.74102582931518,12.4918142318726,13.2333171844482,12.9532041549683,7.55733251571655
06-Oct-2023,0.896240520477295,7.58128824234009,8.66950769424438,8.7077278137207,6.16487374305725,1.9267360329628,0.342952886223793,0.5995361328125,5.22395968437195,1.97208124399185
07-Oct-2023,0.103161434829235,0.323244512081146,0.403084555268288,1.08592609167099,0.807669246196747,0.308312407135963,0.372433853149414,0.116851359605789,0.617652326822281,0.298970639705658
08-Oct-2023,0.00141552983550355,0.00563392871990803,0.00197515060426667,0.000911254878155885,0.00118956794030964,0.470494920015335,0.088148319721222,0.0317945238202811,0.631973344087601,0.882297599315643
09-Oct-2023,0.154936134815216,0.0376482423394918,0.0513339817523956,0.0201732531189918,0.0189269725233316,0.0756227821111679,0.0830378182232381,0.444980537891388,0.0473969370126725,0.289109233021736
10-Oct-2023,0.358098405599594,0.190442071855068,0.219031476974487,0.258599451184273,0.233404341340065,0.134436622262001,0.364893692731857,0.386612755060196,0.828674811124802,0.277199220657349
11-Oct-2023,0.490236577391625,0.340442642569542,0.339949434995651,0.443096396327019,0.267521351575851,0.307159847021103,0.262933391332628,0.108826489746571,1.99616206884384,1.55259907245636
12-Oct-2023,0.619022595882416,0.160194459557533,0.187620565295219,0.140610980987549,0.116762620955706,0.173236691951752,0.300887390971184,0.122561448812485,0.899325907230377,2.3398900270462
13-Oct-2023,0.967862594127655,0.311414831876755,0.298120599985123,0.355137491226197,0.365908849239349,0.392981740832329,0.603271561861038,0.502481818199158,0.0475546397268772,1.5392040014267
14-Oct-2023,1.8027845621109,0.520527756214142,0.631034982204437,0.602394413948059,0.650732499361038,0.945870226621628,0.607699102163315,0.0401785653084516,1.60079432725906,0.000521478155860677
15-Oct-2023,1.03541724681854,0.273073828220367,0.336050245165825,0.557576805353165,0.801177942752838,0.857260286808014,1.75959333181381,0.811577677726746,0.000300213240552693,2.7779176235199
16-Oct-2023,1.43269286155701,0.40822097659111,0.399356037378311,0.450764387845993,0.789490842819214,0.952692639827728,1.48920923471451,1.48562091588974,0.822161728143692,0.00276194000616669
17-Oct-2023,1.45197620391846,0.531999051570892,0.57055327296257,0.538477087020874,0.504265260696411,0.838465768098831,1.31355381011963,2.07425837516785,1.70195925235748,0.923557609319687
18-Oct-2023,2.7671766281128,0.959920203685761,1.51635885238647,1.50737584829331,1.58216059207916,1.15696620941162,1.92954769134521,2.54632570743561,3.17132158279419,3.08577585220337
19-Oct-2023,2.75812888145447,1.59851205348969,1.85396738052368,2.07096254825592,2.66918935775757,2.69591736793518,2.78774862289429,2.63928527832031,3.42845714092255,3.7780179977417
20-Oct-2023,0.554065668582916,1.08314142227173,0.94295916557312,0.843194544315338,0.728994280099869,1.41270896196365,2.29632966518402,0.63727867603302,2.51330368518829,2.22405354976654
21-Oct-2023,0.272626304626465,0.337340134382248,0.567127281427383,0.504624485969543,0.175473211705685,0.0559358455240726,0.0901587657630442,0.0512817203998566,0.06167027130723,0.88267582654953
22-Oct-2023,0.6619553565979,0.202525898814201,0.364780449867249,0.653626251220703,0.898951721191406,0.379086804389954,0.13045579791069,0.222961884737015,0.0818840175867081,0.00481138313189149
23-Oct-2023,0.681532669067383,0.29672127366066,0.316918605566025,0.379644691944122,0.741975736618042,1.00931361317635,0.749986064434052,0.527657067775726,0.498677498102188,0.206999675929546
24-Oct-2023,0.587346190214157,0.532917737960815,0.501812213659287,1.39743304252625,2.13331575393677,2.41143360137939,2.3411162853241,3.32670967578888,1.89109003543854,3.18768906593323
25-Oct-2023,0.0369106575846672,0.347477734088898,0.28515899181366,0.0598563253879548,0.67371723651886,0.663717597723007,0.309195420145989,0.531588900089264,0.80796263217926,3.07929635047913
26-Oct-2023,0.122666634619236,0.246694833040237,0.448548763990402,0.17063332349062,0.0039643426425755,0.0714054256677628,0.303246039152146,0.0853127792477607,0.409323221445084,0.0759048596024514
27-Oct-2023,0.000293167307972908,0.00325777900870892,0.00188641657587141,0.0140669895336032,0.0159779576584697,0.00640260381624106,0.446228244900703,0.00281515857204795,0.139621365070343,0.717098355293274
28-Oct-2023,0.0187091998755932,0.0422175645828247,0.0593653500080109,0.0743651673197746,0.123706869781017,0.079274922609329,0.115985102951527,0.446769952774048,0.0567414872348309,0.164172765612602
29-Oct-2023,0.0717997781932354,0.122014284133911,0.193555003404617,0.218769067525864,0.18273071795702,0.327833539247513,0.209805902838707,0.270818427205086,0.527727341651916,0.000744827173184604
30-Oct-2023,NaN,NaN,NaN,NaN,0.291865915060043,0.0180806249380112,NaN,0.306730136275291,0.0011067494051531,1.9418353676796
31-Oct-2023,NaN,NaN,NaN,NaN,NaN,NaN,NaN,NaN,NaN,NaN
01-Nov-2023,NaN,NaN,NaN,NaN,NaN,NaN,NaN,NaN,NaN,NaN
02-Nov-2023,NaN,NaN,NaN,NaN,NaN,NaN,NaN,NaN,NaN,NaN
03-Nov-2023,NaN,NaN,NaN,NaN,NaN,NaN,NaN,NaN,NaN,NaN
04-Nov-2023,NaN,NaN,NaN,NaN,NaN,NaN,NaN,0.179835796356201,0.226132184267044,NaN
05-Nov-2023,NaN,NaN,NaN,NaN,NaN,NaN,0.00145647954195738,NaN,0.0563778840005398,0.394051253795624
06-Nov-2023,NaN,NaN,NaN,NaN,NaN,NaN,NaN,0.100356969237328,NaN,NaN
07-Nov-2023,NaN,NaN,NaN,NaN,NaN,0.00707395188510418,NaN,NaN,NaN,NaN
08-Nov-2023,NaN,NaN,NaN,NaN,NaN,NaN,NaN,NaN,NaN,NaN
09-Nov-2023,NaN,NaN,NaN,NaN,NaN,NaN,NaN,NaN,NaN,NaN
10-Nov-2023,NaN,NaN,NaN,NaN,NaN,NaN,NaN,NaN,NaN,NaN
11-Nov-2023,NaN,NaN,NaN,NaN,NaN,NaN,NaN,NaN,NaN,NaN
12-Nov-2023,NaN,NaN,NaN,NaN,NaN,NaN,NaN,NaN,NaN,NaN
13-Nov-2023,NaN,NaN,NaN,NaN,NaN,NaN,NaN,NaN,NaN,NaN
14-Nov-2023,NaN,NaN,NaN,NaN,NaN,NaN,NaN,NaN,NaN,NaN
15-Nov-2023,NaN,NaN,NaN,NaN,NaN,NaN,NaN,NaN,NaN,NaN
16-Nov-2023,NaN,NaN,NaN,NaN,NaN,NaN,NaN,NaN,NaN,NaN
17-Nov-2023,NaN,NaN,NaN,NaN,NaN,NaN,NaN,NaN,NaN,NaN
18-Nov-2023,NaN,NaN,NaN,NaN,NaN,NaN,NaN,NaN,NaN,NaN
19-Nov-2023,NaN,NaN,NaN,NaN,NaN,NaN,NaN,NaN,NaN,NaN
20-Nov-2023,NaN,NaN,NaN,NaN,NaN,NaN,NaN,NaN,NaN,NaN
21-Nov-2023,NaN,NaN,NaN,NaN,NaN,NaN,NaN,NaN,NaN,NaN
22-Nov-2023,NaN,NaN,NaN,NaN,NaN,NaN,NaN,NaN,NaN,NaN
23-Nov-2023,NaN,NaN,NaN,NaN,NaN,NaN,NaN,NaN,NaN,NaN
24-Nov-2023,NaN,NaN,NaN,NaN,NaN,NaN,NaN,NaN,NaN,NaN
25-Nov-2023,NaN,NaN,NaN,NaN,NaN,NaN,NaN,NaN,NaN,NaN
26-Nov-2023,NaN,NaN,NaN,NaN,NaN,NaN,NaN,NaN,NaN,NaN
27-Nov-2023,NaN,NaN,NaN,NaN,NaN,NaN,NaN,NaN,NaN,NaN
28-Nov-2023,NaN,NaN,NaN,NaN,NaN,NaN,NaN,NaN,NaN,NaN
29-Nov-2023,NaN,NaN,NaN,NaN,NaN,NaN,NaN,NaN,NaN,NaN
30-Nov-2023,NaN,NaN,NaN,NaN,NaN,NaN,NaN,NaN,NaN,NaN
01-Dec-2023,NaN,NaN,NaN,NaN,NaN,NaN,NaN,NaN,NaN,NaN
02-Dec-2023,NaN,NaN,NaN,NaN,NaN,NaN,NaN,NaN,NaN,NaN
03-Dec-2023,NaN,NaN,NaN,NaN,NaN,NaN,NaN,NaN,NaN,NaN
04-Dec-2023,NaN,NaN,NaN,NaN,NaN,NaN,NaN,NaN,NaN,NaN
05-Dec-2023,NaN,NaN,NaN,NaN,NaN,NaN,NaN,NaN,NaN,NaN
06-Dec-2023,NaN,NaN,NaN,NaN,NaN,NaN,NaN,NaN,NaN,NaN
07-Dec-2023,NaN,NaN,NaN,NaN,NaN,NaN,NaN,NaN,NaN,NaN
08-Dec-2023,NaN,NaN,NaN,NaN,NaN,NaN,NaN,NaN,NaN,NaN
09-Dec-2023,NaN,NaN,NaN,NaN,NaN,NaN,NaN,NaN,NaN,NaN
10-Dec-2023,NaN,NaN,NaN,NaN,NaN,NaN,NaN,NaN,NaN,NaN
11-Dec-2023,NaN,NaN,NaN,NaN,NaN,NaN,NaN,NaN,NaN,NaN
12-Dec-2023,NaN,NaN,NaN,NaN,NaN,NaN,NaN,NaN,NaN,NaN
13-Dec-2023,NaN,NaN,NaN,NaN,NaN,NaN,NaN,NaN,NaN,NaN
14-Dec-2023,NaN,NaN,NaN,NaN,NaN,NaN,NaN,NaN,NaN,NaN
15-Dec-2023,NaN,NaN,NaN,NaN,NaN,NaN,NaN,NaN,NaN,NaN
16-Dec-2023,NaN,NaN,NaN,NaN,NaN,NaN,NaN,NaN,NaN,NaN
17-Dec-2023,NaN,NaN,NaN,NaN,NaN,NaN,NaN,NaN,NaN,NaN
18-Dec-2023,NaN,NaN,NaN,NaN,NaN,NaN,NaN,NaN,NaN,NaN
19-Dec-2023,NaN,NaN,NaN,NaN,NaN,NaN,NaN,NaN,NaN,NaN
20-Dec-2023,NaN,NaN,NaN,NaN,NaN,NaN,NaN,NaN,NaN,NaN
21-Dec-2023,NaN,NaN,NaN,NaN,NaN,NaN,NaN,NaN,NaN,NaN
22-Dec-2023,NaN,NaN,NaN,NaN,NaN,NaN,NaN,NaN,NaN,NaN
23-Dec-2023,NaN,NaN,NaN,NaN,NaN,NaN,NaN,NaN,NaN,NaN
24-Dec-2023,NaN,NaN,NaN,NaN,NaN,NaN,NaN,NaN,NaN,NaN
25-Dec-2023,NaN,NaN,NaN,NaN,NaN,NaN,NaN,NaN,NaN,NaN
26-Dec-2023,NaN,NaN,NaN,NaN,NaN,NaN,NaN,NaN,NaN,NaN
27-Dec-2023,NaN,NaN,NaN,NaN,NaN,NaN,NaN,NaN,NaN,NaN
28-Dec-2023,NaN,NaN,NaN,NaN,NaN,NaN,NaN,NaN,NaN,NaN
29-Dec-2023,NaN,NaN,NaN,NaN,NaN,NaN,NaN,NaN,NaN,NaN
30-Dec-2023,NaN,NaN,NaN,NaN,NaN,NaN,NaN,NaN,NaN,NaN
31-Dec-2023,NaN,NaN,NaN,NaN,NaN,NaN,NaN,NaN,NaN,NaN
01-Jan-2024,NaN,NaN,NaN,NaN,NaN,NaN,NaN,NaN,NaN,NaN
02-Jan-2024,NaN,NaN,NaN,NaN,NaN,NaN,NaN,NaN,NaN,NaN
03-Jan-2024,NaN,NaN,NaN,NaN,NaN,NaN,NaN,NaN,NaN,NaN
04-Jan-2024,NaN,NaN,NaN,NaN,NaN,NaN,NaN,NaN,NaN,NaN
05-Jan-2024,NaN,NaN,NaN,NaN,NaN,NaN,NaN,NaN,NaN,NaN
06-Jan-2024,NaN,NaN,NaN,NaN,NaN,NaN,NaN,NaN,NaN,NaN
07-Jan-2024,NaN,NaN,NaN,NaN,NaN,NaN,NaN,NaN,NaN,NaN
08-Jan-2024,NaN,NaN,NaN,NaN,NaN,NaN,NaN,NaN,NaN,NaN
09-Jan-2024,NaN,NaN,NaN,NaN,NaN,NaN,NaN,NaN,NaN,NaN
10-Jan-2024,NaN,NaN,NaN,NaN,NaN,NaN,NaN,NaN,NaN,NaN
11-Jan-2024,NaN,NaN,NaN,NaN,NaN,NaN,NaN,NaN,NaN,NaN
12-Jan-2024,NaN,NaN,NaN,NaN,NaN,NaN,NaN,NaN,NaN,NaN
13-Jan-2024,NaN,NaN,NaN,NaN,NaN,NaN,NaN,NaN,NaN,NaN
14-Jan-2024,NaN,NaN,NaN,NaN,NaN,NaN,NaN,NaN,NaN,NaN
15-Jan-2024,NaN,NaN,NaN,NaN,NaN,NaN,NaN,NaN,NaN,NaN
16-Jan-2024,NaN,NaN,NaN,NaN,NaN,NaN,NaN,NaN,NaN,NaN
17-Jan-2024,NaN,NaN,NaN,NaN,NaN,NaN,NaN,NaN,NaN,NaN
18-Jan-2024,NaN,NaN,NaN,NaN,NaN,NaN,NaN,NaN,NaN,NaN
19-Jan-2024,NaN,NaN,NaN,NaN,NaN,NaN,NaN,NaN,NaN,NaN
20-Jan-2024,NaN,NaN,NaN,NaN,NaN,NaN,NaN,NaN,NaN,NaN
21-Jan-2024,NaN,NaN,NaN,NaN,NaN,NaN,NaN,NaN,NaN,NaN
22-Jan-2024,NaN,NaN,NaN,NaN,NaN,NaN,NaN,NaN,NaN,NaN
23-Jan-2024,NaN,NaN,NaN,NaN,NaN,NaN,NaN,NaN,NaN,NaN
24-Jan-2024,NaN,NaN,NaN,NaN,NaN,NaN,NaN,NaN,NaN,NaN
25-Jan-2024,NaN,NaN,NaN,NaN,NaN,NaN,NaN,NaN,NaN,NaN
26-Jan-2024,NaN,NaN,NaN,NaN,NaN,NaN,NaN,NaN,NaN,NaN
27-Jan-2024,NaN,NaN,NaN,NaN,NaN,NaN,NaN,NaN,NaN,NaN
28-Jan-2024,NaN,NaN,NaN,NaN,NaN,NaN,NaN,NaN,NaN,NaN
29-Jan-2024,NaN,NaN,NaN,NaN,NaN,NaN,NaN,NaN,NaN,NaN
30-Jan-2024,NaN,NaN,NaN,NaN,NaN,NaN,NaN,NaN,NaN,NaN
31-Jan-2024,NaN,NaN,NaN,NaN,NaN,NaN,NaN,NaN,NaN,NaN
01-Feb-2024,NaN,NaN,NaN,NaN,NaN,NaN,NaN,NaN,NaN,NaN
02-Feb-2024,NaN,NaN,NaN,NaN,NaN,NaN,NaN,NaN,NaN,NaN
03-Feb-2024,NaN,NaN,NaN,NaN,NaN,NaN,NaN,NaN,NaN,NaN
04-Feb-2024,NaN,NaN,NaN,NaN,NaN,NaN,NaN,NaN,NaN,NaN
05-Feb-2024,NaN,NaN,NaN,NaN,NaN,NaN,NaN,NaN,NaN,NaN
06-Feb-2024,NaN,NaN,NaN,NaN,NaN,NaN,NaN,NaN,NaN,NaN
07-Feb-2024,NaN,NaN,NaN,NaN,NaN,NaN,NaN,NaN,NaN,NaN
08-Feb-2024,NaN,NaN,NaN,NaN,NaN,NaN,NaN,NaN,NaN,NaN
09-Feb-2024,NaN,NaN,NaN,NaN,NaN,NaN,NaN,NaN,NaN,NaN
10-Feb-2024,NaN,NaN,NaN,NaN,NaN,NaN,NaN,NaN,NaN,NaN
11-Feb-2024,NaN,NaN,NaN,NaN,NaN,NaN,NaN,NaN,NaN,NaN
12-Feb-2024,NaN,NaN,NaN,NaN,NaN,NaN,NaN,NaN,NaN,NaN
13-Feb-2024,NaN,NaN,NaN,NaN,NaN,NaN,NaN,NaN,NaN,NaN
14-Feb-2024,NaN,NaN,NaN,NaN,NaN,NaN,NaN,NaN,NaN,NaN
15-Feb-2024,NaN,NaN,NaN,NaN,NaN,NaN,NaN,NaN,NaN,NaN
16-Feb-2024,NaN,NaN,NaN,NaN,NaN,NaN,NaN,NaN,NaN,NaN
17-Feb-2024,NaN,NaN,NaN,NaN,NaN,NaN,NaN,NaN,NaN,NaN
18-Feb-2024,NaN,NaN,NaN,NaN,NaN,NaN,NaN,NaN,NaN,NaN
19-Feb-2024,NaN,NaN,NaN,NaN,NaN,NaN,NaN,NaN,NaN,NaN
20-Feb-2024,NaN,NaN,NaN,NaN,NaN,NaN,NaN,NaN,NaN,NaN
21-Feb-2024,NaN,NaN,NaN,NaN,NaN,NaN,NaN,NaN,NaN,NaN
22-Feb-2024,NaN,NaN,NaN,NaN,NaN,NaN,NaN,NaN,NaN,NaN
23-Feb-2024,NaN,NaN,NaN,NaN,NaN,NaN,NaN,NaN,NaN,NaN
24-Feb-2024,NaN,NaN,NaN,NaN,NaN,NaN,NaN,NaN,NaN,NaN
25-Feb-2024,NaN,NaN,NaN,NaN,NaN,NaN,NaN,NaN,NaN,NaN
26-Feb-2024,NaN,NaN,NaN,NaN,NaN,NaN,NaN,NaN,NaN,NaN
27-Feb-2024,NaN,NaN,NaN,NaN,NaN,NaN,NaN,NaN,NaN,NaN
28-Feb-2024,NaN,NaN,NaN,NaN,NaN,NaN,NaN,NaN,NaN,NaN
29-Feb-2024,NaN,NaN,NaN,NaN,NaN,NaN,NaN,NaN,NaN,NaN
01-Mar-2024,NaN,NaN,NaN,NaN,NaN,NaN,NaN,NaN,NaN,NaN
02-Mar-2024,NaN,NaN,NaN,NaN,NaN,NaN,NaN,NaN,NaN,NaN
03-Mar-2024,NaN,NaN,NaN,NaN,NaN,NaN,NaN,NaN,NaN,NaN
04-Mar-2024,NaN,NaN,NaN,NaN,NaN,NaN,NaN,NaN,NaN,NaN
05-Mar-2024,NaN,NaN,NaN,NaN,NaN,NaN,NaN,NaN,NaN,NaN
06-Mar-2024,NaN,NaN,NaN,NaN,0.0600307025015354,0.0145348366349936,NaN,NaN,NaN,0.00174604076892138
07-Mar-2024,0.564299821853638,2.59823775291443,2.79433274269104,NaN,NaN,NaN,NaN,2.45861554145813,NaN,NaN
08-Mar-2024,NaN,NaN,NaN,NaN,NaN,NaN,NaN,NaN,NaN,NaN
09-Mar-2024,NaN,NaN,NaN,NaN,NaN,NaN,NaN,NaN,NaN,NaN
10-Mar-2024,NaN,NaN,NaN,NaN,NaN,NaN,NaN,NaN,NaN,NaN
11-Mar-2024,NaN,NaN,NaN,NaN,NaN,NaN,NaN,NaN,NaN,NaN
12-Mar-2024,NaN,NaN,NaN,NaN,NaN,NaN,NaN,NaN,NaN,NaN
13-Mar-2024,NaN,NaN,NaN,NaN,NaN,NaN,NaN,NaN,NaN,NaN
14-Mar-2024,NaN,NaN,NaN,NaN,NaN,NaN,NaN,NaN,NaN,NaN
15-Mar-2024,0.564885199069977,NaN,NaN,NaN,NaN,NaN,NaN,NaN,NaN,NaN
16-Mar-2024,NaN,NaN,NaN,NaN,NaN,NaN,NaN,NaN,NaN,NaN
17-Mar-2024,NaN,NaN,NaN,NaN,NaN,NaN,NaN,NaN,NaN,NaN
18-Mar-2024,NaN,NaN,NaN,NaN,NaN,NaN,NaN,NaN,NaN,NaN
19-Mar-2024,NaN,NaN,NaN,NaN,NaN,NaN,NaN,NaN,NaN,NaN
20-Mar-2024,NaN,NaN,NaN,NaN,NaN,NaN,NaN,NaN,NaN,NaN
21-Mar-2024,NaN,NaN,NaN,NaN,NaN,NaN,NaN,NaN,NaN,NaN
22-Mar-2024,NaN,NaN,NaN,NaN,NaN,NaN,NaN,NaN,NaN,NaN
23-Mar-2024,NaN,NaN,NaN,NaN,NaN,NaN,NaN,NaN,NaN,NaN
24-Mar-2024,NaN,NaN,NaN,NaN,NaN,NaN,NaN,NaN,NaN,NaN
25-Mar-2024,NaN,NaN,NaN,NaN,NaN,NaN,NaN,NaN,NaN,NaN
26-Mar-2024,NaN,NaN,NaN,NaN,NaN,NaN,NaN,NaN,NaN,NaN
27-Mar-2024,NaN,NaN,NaN,NaN,NaN,NaN,NaN,NaN,NaN,NaN
28-Mar-2024,NaN,NaN,NaN,NaN,NaN,NaN,NaN,NaN,NaN,NaN
29-Mar-2024,2.43436408042908,NaN,2.72137570381165,3.02380442619324,2.89935564994812,NaN,NaN,NaN,NaN,NaN
30-Mar-2024,NaN,NaN,NaN,NaN,NaN,NaN,NaN,NaN,NaN,NaN
31-Mar-2024,NaN,NaN,NaN,NaN,NaN,NaN,NaN,NaN,NaN,3.43141956329346
01-Apr-2024,NaN,NaN,NaN,NaN,NaN,NaN,NaN,NaN,NaN,NaN
02-Apr-2024,NaN,NaN,NaN,1.98338508605957,NaN,NaN,NaN,NaN,NaN,NaN
03-Apr-2024,NaN,NaN,NaN,NaN,NaN,NaN,NaN,NaN,NaN,NaN
04-Apr-2024,NaN,NaN,NaN,NaN,NaN,NaN,NaN,NaN,NaN,NaN
05-Apr-2024,NaN,NaN,NaN,NaN,NaN,NaN,NaN,NaN,NaN,NaN
06-Apr-2024,NaN,NaN,NaN,NaN,NaN,NaN,NaN,NaN,NaN,NaN
07-Apr-2024,NaN,NaN,NaN,NaN,NaN,NaN,NaN,NaN,NaN,7.60414266586304
08-Apr-2024,NaN,NaN,NaN,NaN,NaN,NaN,NaN,NaN,3.72042536735535,3.27366514205933
09-Apr-2024,NaN,NaN,NaN,NaN,NaN,NaN,NaN,NaN,NaN,4.48312215805054
10-Apr-2024,2.07227034568787,2.20127048492432,0.575532710552216,0.106634825468063,0.026424477621913,0.0471244037151337,0.272059783339501,0.337451088428498,3.72156500816345,2.70281186103821
11-Apr-2024,0.810458147525788,2.1743869304657,2.67910180091858,1.84249266386032,0.886545383930207,0.327857655286789,0.474164223670959,0.616453415155411,1.0561460018158,0.393044227361679
12-Apr-2024,0.0493575893342496,0.0120345028117299,0.00633182786405088,0.0209153292700648,0.023828861489892,0.0118485984392464,0.00495017319917679,0.00573552954010665,2.88001461029053,0.640309661626816
13-Apr-2024,0.483518505096436,0.0688821904361248,0.0285647381097079,0.0747286401689052,0.0332955054938793,0.180751979351044,0.0175320040434599,NaN,NaN,NaN
14-Apr-2024,0.818499022722245,0.144253395497799,0.238897404074669,0.169008105993271,0.170930567383766,0.216178512573243,2.81328132152557,0.245379876345396,1.0247323513031,NaN
15-Apr-2024,2.66935181617737,2.6371563911438,2.15142765045166,2.94205718040466,3.09137325286865,0.883233970403671,0.409477096796036,3.05321264266968,0.380402892827988,0.328073444962502
16-Apr-2024,3.20881152153015,0.512398260831833,0.456803673505783,1.63414093255997,2.15973262786865,2.36147108078003,3.03914415836334,2.74513564109802,2.68946433067322,2.9902578830719
17-Apr-2024,3.90290427207947,1.63194668293,1.93453145027161,2.07752442359924,2.39730215072632,2.95181226730347,3.22833652496338,4.30741119384766,2.65905411243439,2.93354072570801
18-Apr-2024,3.2042989730835,2.54691390991211,3.19179339408875,3.4813551902771,4.48267407417298,4.41411490440369,0.0713421091437339,3.55322265625,0.476121455430984,0.564508247375488
19-Apr-2024,0.115659150481224,1.89669947624207,1.43717730045319,3.12439560890198,1.16724824905396,0.667786383628846,1.98702841997147,0.408993607759476,0.287148088216782,0.111151755601168
20-Apr-2024,3.14113330841064,0.256461471319199,0.352775648236275,0.147149786353111,0.359065014123917,0.140504479408264,1.64946262836456,1.69528549909592,0.5063560962677,1.51740951538086
21-Apr-2024,3.52392129898071,1.56826448440552,0.926569938659668,0.670128226280213,0.483147084712982,0.717335164546967,0.374871164560318,1.24699945449829,0.93128592967987,0.469275289773941
22-Apr-2024,0.569309055805206,NaN,0.626513242721558,NaN,0.494767278432846,2.75179221630096,2.72947335243225,4.3709746837616,2.63130054473877,1.26402281522751
23-Apr-2024,0.46052069067955,2.53566694259644,2.93840932846069,3.92359595298767,3.94448733329773,2.00716862678528,1.8459690451622,2.93998408317566,4.71136131286621,4.93516778945923
24-Apr-2024,0.132109492272139,0.0942516326904297,NaN,NaN,NaN,0.0608076304197311,0.454871466755867,NaN,0.0341162115335465,0.204944214224815
25-Apr-2024,0.172273859381676,0.229969635605812,1.83446359634399,NaN,1.8213415145874,NaN,2.10698580741882,1.96361334323883,NaN,NaN
26-Apr-2024,NaN,NaN,NaN,3.4611828327179,NaN,3.22162222862244,NaN,3.96217017173767,3.61099061965942,NaN
27-Apr-2024,0.176212479174137,3.32975220680237,3.75261044502258,4.34735584259033,5.49461984634399,4.14064931869507,2.67948541641235,NaN,7.14011272066273e-05,5.38159022331238
28-Apr-2024,0.661221516132355,0.135097697377205,0.0335718128830195,0.0322524610906839,0.0467622950673103,0.0103877094574273,2.38715348243713,0.194520732760429,0.170696780085564,0.0122553925029933
29-Apr-2024,3.10478329658508,2.95917706489563,3.57156059741974,2.88391408920288,2.84413552284241,2.91355602741241,0.836844980716705,0.0263929920271039,0.0781318366527557,0.0804051995277405
30-Apr-2024,1.94529811143875,2.83508968353272,2.97292037010193,3.70665040016174,3.57954254150391,0.051028760150075,0.802830994129181,0.0341746099293232,0.0856388181447983,0.304084861278534
01-May-2024,2.67364454269409,3.16956896781921,2.94485116004944,3.21629581451416,2.51424765586853,0.89691401720047,0.251232677698135,0.500030010938644,0.0577621281147004,0.263256847858429
02-May-2024,2.38708577156067,2.4721016407013,3.44137167930603,3.4468080997467,0.592963886260987,0.340993076562881,1.30255641937256,0.236513875424862,0.841574013233185,0.09029246494174
03-May-2024,2.82702293395996,3.00528883934021,2.66236395835877,3.70763630867004,3.86130585670471,1.97919248342514,2.25904905796051,1.69178152084351,0.602444779872895,2.56583273410797
04-May-2024,0.433247137069702,0.564158856868744,0.596898055076599,2.14124054908752,2.43714120388031,3.88572807312012,0.346985024213791,0.444199740886688,0.0969140037894249,0.889200282096863
05-May-2024,0.489535719156265,1.19250596761704,1.43119909763336,1.29554319381714,1.12484879493713,0.509182596206665,0.229967132210732,0.594649893045425,0.393560802936554,0.36213726401329
06-May-2024,1.12187206745148,0.455299818515778,0.467045873403549,0.396021836996079,0.315818521380424,0.190958738327026,0.0724852696061135,0.392190098762512,0.17776792049408,0.365318423509598
07-May-2024,3.1258261680603,0.830651700496674,0.798299407958985,0.859248864650726,0.723315107822419,0.692068731784821,0.56850255727768,0.285684069991112,0.601944208145142,0.365505835413933
08-May-2024,2.43198540210724,0.937807428836823,1.19630234241486,1.64126694202423,1.72365097999573,1.50122320652008,1.31991469860077,0.620992267131805,0.558930611610413,1.95315144062042
09-May-2024,3.23439538478851,2.4410005569458,2.52029185295105,2.85797805786133,3.93306679725647,2.74879949092865,3.61417880058289,2.32222676277161,3.55613474845886,3.7571418762207
10-May-2024,4.57177114486694,3.91052508354187,3.35728960037232,3.47378408908844,4.0349513053894,5.66181306838989,4.20373592376709,5.0975531578064,2.35605185031891,4.87347984313965
11-May-2024,6.24581232070923,5.72182774543762,5.61601233482361,4.73325490951538,4.16478824615479,5.42412648200989,6.01728105545044,5.26238965988159,6.73298683166504,0.856038272380829
12-May-2024,7.0264892578125,6.4290032863617,6.31981315612793,6.47733416557312,6.01768445968628,5.8525502204895,5.17927303314209,6.82637724876404,5.36560015678406,7.64011430740356
13-May-2024,7.18281269073486,7.61647596359253,8.06199493408203,7.85777444839478,7.40588135719299,5.68093152046204,8.09450569152832,4.54235887527466,8.25012016296387,5.99763512611389
14-May-2024,1.35465416908264,0.639006620645523,0.384689080715179,0.617352932691574,1.18982697725296,0.599961841106415,0.829076039791107,8.56952533721924,0.492013618350029,0.946501100063324
15-May-2024,2.56815409660339,0.663149338960648,0.692959320545196,0.650529992580414,0.699702441692352,0.61492235660553,0.558310639858246,2.44781246185303,6.19922862052917,0.689589858055115
16-May-2024,4.79426774978638,2.37075400352478,2.40495584011078,2.49339773654938,2.67765800952911,2.06012368202209,1.36473417282104,0.931009256839752,5.0296573638916,0.735100442171097
17-May-2024,4.64143743515015,3.50507569313049,4.08449859619141,3.89866950511932,2.45107362270355,2.45080115795135,4.84803123474121,4.65700483322144,3.49408900737762,9.41651983261109
18-May-2024,2.89201483726502,0.567611843347549,0.737889462709427,0.270658004283905,0.647875726222992,0.389684614539146,0.226696300506592,0.56905271410942,3.42109417915344,3.93062686920166
19-May-2024,6.22532558441162,1.23104107379913,2.07485737800598,0.912660878896713,0.798016595840454,0.914222359657288,0.801488035917282,0.625658226013184,0.363543194532394,0.25490802526474
20-May-2024,8.49282398223877,3.9768833398819,4.45882225036621,4.40201587677002,2.58713603019714,4.05328798294067,3.14670667648315,2.46518697738647,3.01701638698578,0.320666307210924
21-May-2024,5.42910823822022,6.00470547676086,5.27970728874206,6.72289729118347,4.52305297851562,0.959860664606094,2.88894844055176,6.37862071990967,0.862005639076235,0.877291518449783
22-May-2024,6.63902425765991,7.68981051445007,8.03913059234619,6.6466986656189,7.40747098922729,0.77026692032814,1.41283853054047,4.30414009094238,7.22515892982483,2.48185391426086
23-May-2024,3.82430000305176,1.21231030225754,1.02967828512192,1.1875400185585,0.945588237047195,0.941758644580841,0.348565569519997,0.185565397143364,0.398873448371887,0.485709023475647
24-May-2024,4.22264490127564,1.77682664394378,1.71239211559296,3.15061182975769,6.51481304168701,2.52488160133362,0.702491110563278,0.268214821815491,0.307241261005402,0.110260806232691
25-May-2024,1.99394196271897,2.79172306060791,2.99761321544647,3.74738051891327,4.33389649391174,6.49868984222412,3.67451496124268,0.865851581096649,0.684543836116791,0.657573282718658
26-May-2024,3.59410002231598,2.20427665710449,3.76722812652588,3.81519663333893,2.49652504920959,4.02786321640015,0.844029903411865,4.39764451980591,0.769597190618515,0.950227457284927
27-May-2024,0.659723460674286,3.43369164466858,6.06053318977356,6.34950013160705,6.51994090080261,2.63235800266266,6.99417686462402,2.46723306179047,4.17295713424683,4.74578399658203
28-May-2024,0.0924974083900452,0.0934694521129131,0.148919010162353,0.292444580793381,0.232905846834183,0.236049200594425,0.158445611596107,8.90401458740234,3.9559855222702,2.33918948173523
29-May-2024,0.675272405147552,0.378819420933723,0.341556459665298,0.416528826951981,0.0573348853737116,0.126178301870823,0.353987312316895,0.833312064409256,0.436901962757111,0.90632985830307
30-May-2024,2.28187584877014,0.884962499141693,0.919863069057465,0.855670654773712,1.09983901977539,0.553837317228317,0.577024734020233,0.825512659549713,3.70044047832489,0.113471692800522
31-May-2024,5.69564609527588,4.77742166519165,4.83147621154785,4.71209764480591,3.87719221115112,3.86558363437653,1.98750443458557,2.32523441314697,1.68841272592545,6.23887157440186
01-Jun-2024,7.59675335884094,7.11769142150879,7.03912143707275,7.85867495536804,7.99454822540283,7.08652276992798,6.53625059127808,5.87810497283936,5.18523406982422,3.2034111738205
02-Jun-2024,8.76853971481323,8.25634384155273,8.37159442901611,7.61485624313354,8.95985479354859,9.10268936157227,9.13397264480591,9.52450065612793,8.54541854858398,5.59857258796692
03-Jun-2024,9.66860370635986,9.40730953216553,9.38983917236328,9.02372360229492,7.54917192459106,8.81639747619629,6.97227158546448,6.45708270072937,9.5730507850647,2.66026532649994
04-Jun-2024,10.1235101699829,9.93320779800415,9.57567958831787,10.2890913009644,9.240980052948,9.06026773452759,7.77242040634155,9.04710454940796,5.02796630859375,1.76410384178162
05-Jun-2024,10.6191089630127,8.99101619720459,9.88498086929321,9.81885862350464,9.78644075393677,10.8309175491333,10.5444917678833,0.625473439693451,4.80619120597839,0.411307999491691
06-Jun-2024,12.2815713882446,7.31445217132568,10.1433479309082,10.5333859443665,12.0301223754883,11.2515794754028,11.1363669395447,11.7565791130066,0.940935671329498,0.0792333431541919
07-Jun-2024,10.4115718841553,8.93727588653564,9.26006259918213,9.4915002822876,8.19174814224243,11.4725175857544,9.17507562637329,8.47712516784668,11.6847137451172,0.472923576831818
08-Jun-2024,9.89017467498779,7.71954092979431,9.30993957519531,9.06435356140137,7.14031195640564,9.02595167160034,5.73636860847473,2.13886919021606,6.55120038986206,12.6999267578125
09-Jun-2024,7.04742994308473,2.81936445236205,4.355073595047,8.41755208969116,2.11215208768844,2.52699267864227,6.7200306892395,3.295099401474,1.13616441488266,5.36420006752014
10-Jun-2024,3.82504358291626,1.7885605096817,2.13234894275665,2.44685306549072,8.25388469696045,0.601728409528732,1.72420209646225,0.520991963148117,0.166837155818939,0.97538942694664
11-Jun-2024,4.12962827682495,0.433879196643829,0.481114387512207,0.563690477609634,0.731227481365203,3.27019906044006,0.706760329008102,NaN,0.845719414949417,0.633878511190414
12-Jun-2024,8.5129186630249,2.80755639076233,2.39422130584717,2.69777131080627,2.83329482078552,4.15029292106628,10.3915958404541,3.34589121341705,NaN,3.43539528846741
13-Jun-2024,2.54992098808289,2.58827526569366,1.79632833003998,3.24867150783539,4.97045502662659,4.46762881278992,6.91300463676453,11.5959609031677,4.72439699172974,NaN
14-Jun-2024,0.963525688648224,0.226187060773373,0.266657507419586,0.156349767744541,0.382031321525574,0.36120825111866,0.625620144605636,1.1335636138916,1.98386027812958,0.971979755163193
15-Jun-2024,2.9828254699707,0.736684727668762,0.697084379196167,0.768578433990478,0.51004546880722,0.839806985855102,0.804668682813644,0.733550947904587,0.547145491838455,1.32791546583176
16-Jun-2024,5.87265939712524,3.38215148448944,3.27881798744202,2.96821618080139,3.09802844524383,1.85013892650604,2.94770994186401,2.2441287279129,3.25955662727356,1.89124804735184
17-Jun-2024,4.60797882080078,5.02715048789978,4.75887022018432,5.02217245101929,5.70555047988892,5.77052688598633,4.91777873039246,4.80103902816772,4.39602961540222,7.28380799293518
18-Jun-2024,4.15930500030518,5.08221936225891,5.37821450233459,4.85387997627258,5.2482524394989,6.13873138427734,6.39580264091492,6.82997245788574,4.04729845523834,3.94314346313477
19-Jun-2024,6.97349987030029,3.03738293647766,4.14310750961304,5.58476347923279,4.58526782989502,6.81365795135498,7.0899866104126,1.16219259500503,6.64864168167114,5.44218230247498
20-Jun-2024,4.4327338218689,1.78947523832321,2.00089460611343,0.967603212594986,0.866897493600845,1.15868935585022,0.992521631717682,4.31897144317627,1.16324359178543,0.646705663204193
21-Jun-2024,6.78437433242798,4.42792248725891,5.06734576225281,6.81107945442199,4.65708842277527,4.62814836502075,2.80203793048859,1.93528678417206,0.743623220920563,3.03875026702881
22-Jun-2024,7.26776084899902,6.18812317848205,5.33816227912903,6.45847682952881,7.58124222755432,2.44985163211822,5.76296019554138,5.15700759887695,4.05212025642395,5.25204563140869
23-Jun-2024,3.82211174964905,4.32865405082703,5.61693115234375,6.45836997032166,6.10050158500671,6.82013788223267,4.7384997844696,7.06916408538818,4.61901264190674,2.86567854881286
24-Jun-2024,9.3085636138916,7.75146837234497,7.26305513381958,7.58410797119141,8.91530103683472,8.57016868591309,8.79044713973999,4.90345101356506,7.07520217895508,7.69464182853699
25-Jun-2024,12.522091293335,12.0747632980347,11.8462762832642,10.7274983406067,10.3392532348633,11.1553234100342,9.96402530670166,12.0055122375488,0.633777976036072,7.76851949691772
26-Jun-2024,2.47329382896423,0.474694168567657,0.716668397188187,0.706435602903366,0.796484804153442,2.94140954017639,10.5559160232544,0.87071903347969,5.9964653968811,2.07779109477997
27-Jun-2024,3.16242570877075,0.799475258588791,0.837456834316254,0.937257021665573,0.87027804851532,0.695681041479111,0.55231254696846,0.526381385326385,1.38676137924194,1.43228423595428
28-Jun-2024,4.82447957992554,2.98483695983887,3.41921606063843,3.64024248123169,3.35148639678955,3.44955372810364,2.09406373500824,0.792930823564529,2.2056791305542,4.73080868721008
29-Jun-2024,0.0689883947372436,0.573536652326584,1.41810481548309,2.19551413059235,4.46446042060852,6.41563267707825,5.22711129188538,4.19467072486877,2.6012487411499,5.7799102306366
30-Jun-2024,0.258300065994263,0.0616743981838226,0.0724047072231769,0.209723196923733,0.081330282241106,0.15479606539011,0.0732334427535534,0.724299955368042,0.652276253700256,0.0644201226532459
01-Jul-2024,0.968622398376465,0.650736051797867,0.646297681331634,0.674143290519714,1.40606659650803,0.665802222490311,0.705656331777572,0.45208977162838,2.07446842193603,2.34742937088013
02-Jul-2024,4.59826622009277,3.10455837249756,3.03801259994507,2.99274663925171,2.76610147953033,4.11142311096191,3.20944886207581,1.46914087533951,0.758990788459778,5.76536469459534
03-Jul-2024,1.53563487529755,5.8976306438446,4.85203013420105,3.96964190006256,3.77657113075256,6.15653495788574,7.02658262252808,5.02928247451782,2.49627015590668,2.07867534160614
04-Jul-2024,1.33621761798859,0.767399019002914,1.07858003377914,0.781533896923065,0.79068494439125,0.301612940430641,0.64418665766716,0.419262352585793,0.961052757501602,0.346305909752846
05-Jul-2024,2.50693054199219,0.616944986581802,0.664567762613296,0.577063626050949,0.700740796327591,0.470535814762115,0.235386008024216,0.419635638594627,0.482614615559578,0.584053915739059
06-Jul-2024,4.29350690841675,2.01774439811706,2.43430757522583,1.41646685600281,2.38483698368072,3.03459887504578,2.55065042972565,NaN,1.55705045461655,0.707132536172867
07-Jul-2024,8.18863754272461,6.29407005310059,6.41181645393372,6.53766264915466,0.589384323358536,6.46061067581177,0.744502019882202,5.81069836616516,NaN,NaN
08-Jul-2024,10.4648551940918,9.67368717193603,9.80083265304565,8.83609046936035,8.99511804580689,3.64151713848114,9.24970293045044,0.670995795726776,5.43988080024719,NaN
09-Jul-2024,0.614767849445343,0.677583062648773,0.733986324071884,0.819560235738754,0.656312900781631,1.75128993988037,3.96127061843872,0.492559322714806,0.650329941511154,0.428303924202919
10-Jul-2024,1.4696982383728,0.45927118062973,0.495422875881195,0.670309120416641,0.864492154121399,0.735760152339935,0.140321232378483,0.316134199500084,0.643371373414993,0.621194142103195
11-Jul-2024,4.84369115829468,1.39767102003098,1.62193230390549,2.67417013645172,2.79502422809601,5.69373455047607,3.65617151260376,0.204131250083446,0.719307446479797,2.97030599117279
12-Jul-2024,10.2324028015137,7.35259480476379,7.73765912055969,7.30908064842224,7.84051656723022,0.688630747795105,7.51917500495911,10.513477230072,1.68397251367569,3.86477680206299
13-Jul-2024,10.9415998458862,9.60891189575195,10.1707236289978,10.5034020423889,10.2079217910767,10.5350221633911,2.59342114925384,3.6174042224884,12.4922640800476,7.44461326599121
14-Jul-2024,10.0252614974976,5.05073561668396,6.73688054084778,10.2970618247986,12.9613739013672,10.6623272895813,12.6979392051697,1.60640997886658,0.588015580177307,3.53208830356598
15-Jul-2024,4.33718967437744,0.898536884784698,0.866267210245132,1.61678427457809,2.13310840129852,0.773032981157303,3.51776118278503,1.8783586025238,0.675718480348587,0.513805055618286
16-Jul-2024,2.13489546775818,0.677597987651825,0.949513244628906,1.62299706935883,1.56431967020035,0.692919504642486,0.954617667198181,4.85276908874512,4.53142728805542,2.58116898536682
17-Jul-2024,1.28339548110962,0.343921980261803,0.276818397641182,0.547347402572632,0.732024067640304,0.911867302656174,0.574062198400497,0.660833787918091,0.0796415120363235,5.2865264415741
18-Jul-2024,2.21229672431946,0.352631628513336,0.419191896915436,0.448914995789528,0.86270244717598,2.13533451557159,2.11974079608917,1.9221694111824,1.55094717741013,0.469026488065719
19-Jul-2024,4.61253881454468,1.13691548109054,1.34270904064178,1.77322248220444,2.21002526283264,3.21491348743438,7.48783917427063,4.256756067276,3.25684707164764,4.41153635978699
20-Jul-2024,2.64107608795166,2.34204962253571,4.05753655433655,3.07204082012176,2.45933096408844,0.768206810951233,4.3515613079071,6.27069005966186,8.94053182601928,4.30112586021423
21-Jul-2024,5.03462438583374,0.985144472122192,0.912454259395599,0.584389853477478,0.927757501602173,0.842626851797104,1.19343036413193,2.79810302257537,6.47291722297668,11.4598470687866
22-Jul-2024,6.21636304855347,3.72721004486084,3.96415584087371,3.6526130437851,1.61186699867249,3.7433691740036,3.04318909645081,3.48231129646301,5.91729536056519,8.7169264793396
23-Jul-2024,5.82412939071655,4.32186717987061,4.71466660499573,4.97607126235962,4.556795835495,2.63400769233703,4.23903951644897,4.92927327156067,4.18467464447021,6.68641185760498
24-Jul-2024,5.78451404571533,4.41801562309265,4.44396033287048,5.64248204231262,5.647278881073,4.24404921531677,4.11527104377747,2.72759516239166,5.06999073028565,5.3230628490448
25-Jul-2024,0.165644094347954,0.0851754628121852,4.82527241706848,6.32867546081543,2.85670990943908,1.20831936597824,0.108895149081945,7.61950621604919,6.31342616081238,1.5830597281456
26-Jul-2024,0.87961630821228,0.620290994644165,0.650991785526276,6.44288787841797,8.08265857696533,5.14558773040771,1.74643949270248,0.703538262844086,10.1502819061279,8.56108913421631
27-Jul-2024,3.95089640617371,3.41053359508514,3.80136871337891,4.43275213241577,9.32353010177612,9.59872617721558,8.48754167556763,6.89751167297363,3.82739953994751,10.6714517593384
28-Jul-2024,7.47579927444458,6.50485353469849,7.09883441925049,6.98093967437744,7.73925485610962,9.76727142333984,10.121067237854,11.8821361541748,10.0837971687317,8.37107276916504
29-Jul-2024,9.52131118774414,8.15491609573364,9.01121988296509,8.921120262146,9.04396944046021,10.4128358840942,11.9127157211304,10.0689256668091,9.01541957855225,10.4021167755127
30-Jul-2024,9.84596500396728,9.03016834259033,9.5268256187439,9.27419424057007,9.87489356994629,10.8725799560547,11.3606750488281,11.969699382782,3.72668707370758,8.66696472167969
31-Jul-2024,1.59079167842865,4.4356466293335,6.5489194393158,0.940157133340836,6.33073148727417,10.329944896698,7.06756038665771,11.5577072143555,13.6625191688538,7.05971179008484
01-Aug-2024,4.52264556884766,1.93450615406036,2.57354907989502,4.43811330795288,5.02886023521423,2.52563533782959,1.55063798427582,0.763346004486084,0.766080850362777,12.8066808700562
02-Aug-2024,6.71938228607178,3.73041613101959,4.27365384101868,5.47460541725159,8.30471992492676,6.22319717407227,5.46059365272522,3.70626266002655,2.66223700046539,0.842892736196518
03-Aug-2024,8.28944339752197,3.61968038082123,3.66108932495117,5.79471697807312,5.23210878372192,3.49778184890747,0.782370811700821,6.03797454833984,3.61434841156006,1.83018425703049
04-Aug-2024,8.97329330444336,3.31125240325928,4.91004900932312,5.19363613128662,7.3497585773468,4.54163789749146,2.37855875492096,1.6686359167099,0.51228631734848,1.518858730793
05-Aug-2024,9.78298492431641,5.2970892906189,6.13031578063965,7.08124418258667,6.05526127815247,7.63719716072083,6.11438598632813,5.13002576828003,6.04894795417786,1.74489712715149
06-Aug-2024,10.5105209350586,6.6573326587677,7.19581251144409,7.44339079856872,7.30320606231689,7.55322217941284,6.75914106369018,7.06969184875488,6.39470920562744,5.43209233283997
07-Aug-2024,10.1855913162231,7.18331775665283,7.71082878112793,7.43702411651611,7.76561260223389,7.14244222640991,6.14576058387756,6.72812070846558,10.0136013031006,8.19076547622681
08-Aug-2024,9.18348522186279,7.34449291229248,8.48311405181885,9.39800586700439,8.46174716949463,8.33529386520386,7.13726649284363,6.45461826324463,7.12100806236267,0.932939463853836
09-Aug-2024,4.4385537147522,5.790766954422,5.36400933265686,7.16437172889709,9.88917016983032,8.1939338684082,9.78021106719971,9.07123966217041,7.15146956443787,8.77324275970459
10-Aug-2024,0.728936660289764,0.715815937519073,0.736714404821396,2.75917031764984,1.49176260232925,0.329828718304634,1.62678844928741,10.6434413909912,10.1132071495056,9.27913722991944
11-Aug-2024,0.857250010967255,0.499859309196472,0.598622471094131,0.527359539270401,0.471166849136352,0.738089573383331,0.489117923378944,0.886221462488174,9.83032207489014,11.0457748413086
12-Aug-2024,2.35908184051514,0.875869309902191,0.840949964523315,0.689931792020798,0.69265753030777,0.462960517406464,0.797084128856659,0.552919602394104,0.871858090162277,10.4001707077026
13-Aug-2024,5.63008718490601,3.20340812206268,3.51915354728699,3.48482487201691,2.23378033638,2.24509565830231,0.706036901473999,0.932140231132507,1.41851871013641,2.57272231578827
14-Aug-2024,6.11973066329956,4.00218570232391,4.84849157333374,5.75624713897705,6.13133683204651,4.78033118247986,5.64938635826111,2.78085734844208,4.22546925544739,4.01674015522003
15-Aug-2024,7.05074338912964,4.70503015518188,5.71774015426636,6.05883836746216,7.21680774688721,8.52439184188843,3.99161827564239,7.64327864646912,5.81337738037109,7.52604742050171
16-Aug-2024,9.439967918396,7.87020492553711,8.14816102981567,7.65919604301453,8.21407556533813,7.68868479728699,9.7548451423645,7.85922021865845,9.44454221725464,7.72512812614441
17-Aug-2024,6.58966007232666,7.60983090400696,8.2006965637207,4.73774728775024,2.38588469028473,8.90633220672607,9.07291927337647,11.3248980522156,9.97399530410767,11.3075308799744
18-Aug-2024,0.989655482769012,1.09463881254196,1.3569591999054,2.95262584686279,1.0914621591568,0.884750992059708,9.86565141677856,10.589742565155,12.4912042617798,5.29565529823303
19-Aug-2024,0.375942248106003,0.25315466672182,0.262433940172195,0.406212228536606,3.07477056980133,2.23237690925598,0.57748275399208,10.0474977493286,7.77490639686584,10.0575756072998
20-Aug-2024,1.30732362270355,0.882173919677734,0.922311121225357,0.951311606168747,0.927882248163223,4.54634132385254,3.50751941204071,2.11482162475586,10.3617698669434,5.88217749595642
21-Aug-2024,3.35099401473999,2.7980153799057,3.16599841117859,3.49912302494049,3.54841430187225,2.03624815940857,6.62805895805359,4.31979212760925,5.11009297370911,11.4982190132141
22-Aug-2024,5.49589433670044,5.24268522262573,5.08917121887207,4.90504388809204,5.48515028953552,6.42219462394714,4.37335896492004,10.1783665657043,7.17924642562866,5.8836498260498
23-Aug-2024,7.97260732650757,7.64358448982239,8.44809703826904,8.68933343887329,8.61016607284545,9.02268075942993,10.377499961853,8.66385612487793,12.3110936164856,7.08527765274048
24-Aug-2024,7.77652053833008,7.40939450263977,7.69254717826843,8.29061727523804,8.62060251235962,8.45869979858398,9.50489473342896,10.8945881843567,10.0106533050537,5.67348914146423
25-Aug-2024,5.87738666534424,4.86494436264038,5.52474331855774,5.40921502113342,5.98873157501221,5.80388684272766,5.12129836082458,6.18282198905945,8.48055725097656,8.66051425933838
26-Aug-2024,7.93665075302124,6.63773331642151,6.94013113975525,6.58231844902039,6.45571193695068,8.09375495910644,6.57481288909912,3.08886086940765,8.05882911682129,9.04139280319214
27-Aug-2024,3.63739848136902,6.77977395057678,5.17100920677185,7.93464646339416,7.8697603225708,10.4081829071045,10.56717004776,9.35535221099854,8.95563077926636,6.02588467597961
28-Aug-2024,2.46354169845581,1.58079652786255,3.07800543308258,3.26723504066467,5.15357055664062,3.48776166439056,7.49555158615112,7.34271693229675,11.069465637207,9.03663921356201
29-Aug-2024,4.36503210067749,2.88850364685059,3.20627257823944,4.94027690887451,6.59117827415466,7.89824719429016,7.60372996330261,0.620920026302337,1.7857577085495,9.90329437255859
30-Aug-2024,8.70421371459961,8.84993495941162,9.62809314727783,9.71745271682739,11.5122392654419,11.4127611160278,9.81717433929443,11.0320479393005,0.836028414964676,0.387929874658584
31-Aug-2024,1.90185866355896,1.30367745161056,0.741155368089676,0.958866941928864,0.871744275093078,8.39808206558227,8.03875770568848,0.817931741476059,0.529852086305618,0.460484972596168
01-Sep-2024,0.348037761449814,0.635688704252243,0.706565153598785,0.549196946620941,0.548167437314987,0.794656580686569,1.78780015707016,1.63281860351562,2.46587340831757,2.87502551078796
02-Sep-2024,0.908716320991516,0.644888532161713,0.681797581911087,0.595896083116531,0.675923001766205,0.580309927463531,0.156433764100075,0.135027806460857,0.283578944206238,0.503281441330909
03-Sep-2024,NaN,NaN,1.55648288726807,1.74115381240845,0.922549915313721,2.17493510246277,2.22609879970551,0.759121584892273,0.706741911172867,0.815392291545868
04-Sep-2024,NaN,NaN,NaN,5.47051877975464,5.1760106086731,4.14120254516602,6.01767873764038,4.2705659866333,3.6378363609314,1.86370384693146
05-Sep-2024,NaN,NaN,NaN,NaN,7.53155708312988,7.59194574356079,7.25833473205566,5.63299231529236,7.14112043380737,5.30558314323425
06-Sep-2024,NaN,NaN,NaN,NaN,NaN,8.58493165969849,8.45600728988648,5.87032256126404,0.72737158536911,7.66296725273132
07-Sep-2024,NaN,NaN,NaN,NaN,NaN,NaN,8.29041662216187,7.24469404220581,0.673188006877899,2.8747177362442
08-Sep-2024,NaN,NaN,NaN,NaN,NaN,NaN,NaN,0.168586364388466,6.93076767921448,1.78548141717911
09-Sep-2024,NaN,NaN,NaN,NaN,NaN,NaN,NaN,NaN,0.552787244319916,5.1953004360199
10-Sep-2024,NaN,NaN,NaN,NaN,NaN,NaN,NaN,NaN,NaN,0.896162241697311
11-Sep-2024,NaN,NaN,NaN,NaN,NaN,NaN,NaN,NaN,NaN,NaN
